datetime,power,capacity,spot_price_prediction
2021-07-01 00:00:00,0.0,0.0,69.34141448852624
2021-07-01 00:30:00,0.0,0.0,62.15238715520567
2021-07-01 01:00:00,0.0,0.0,60.41416180363712
2021-07-01 01:30:00,0.0,0.0,55.53262589276268
2021-07-01 02:00:00,0.0,0.0,49.49196412253444
2021-07-01 02:30:00,0.0,0.0,46.99326925094047
2021-07-01 03:00:00,-300.0,0.0,45.48251818286222
2021-07-01 03:30:00,-300.0,135.0,43.23367374849239
2021-07-01 04:00:00,-300.0,270.0,42.59221942822481
2021-07-01 04:30:00,-300.0,405.0,44.07370026820715
2021-07-01 05:00:00,-88.8888888888888,540.0,45.98970834229965
2021-07-01 05:30:00,0.0,580.0,49.68054205635771
2021-07-01 06:00:00,0.0,580.0,57.45085505503721
2021-07-01 06:30:00,0.0,580.0,71.18907742322564
2021-07-01 07:00:00,0.0,580.0,83.28394044144514
2021-07-01 07:30:00,0.0,580.0,93.90889649137546
2021-07-01 08:00:00,300.0,580.0,103.057681417016
2021-07-01 08:30:00,300.0,430.0,108.01856530005628
2021-07-01 09:00:00,300.0,280.0,108.17930110676252
2021-07-01 09:30:00,260.0,130.0,102.24829696830666
2021-07-01 10:00:00,0.0,0.0,92.30722892660498
2021-07-01 10:30:00,0.0,0.0,80.7885701461523
2021-07-01 11:00:00,0.0,0.0,72.30479068353772
2021-07-01 11:30:00,0.0,0.0,66.36438722930754
2021-07-01 12:00:00,0.0,0.0,60.7895702183604
2021-07-01 12:30:00,-300.0,0.0,57.73514694402935
2021-07-01 13:00:00,-300.0,135.0,56.93388040085519
2021-07-01 13:30:00,-300.0,270.0,57.49884991676633
2021-07-01 14:00:00,-300.0,405.0,57.01552013457588
2021-07-01 14:30:00,-88.8888888888889,540.0,59.608462609188
2021-07-01 15:00:00,0.0,580.0,63.80502186636119
2021-07-01 15:30:00,0.0,580.0,69.34461576696805
2021-07-01 16:00:00,0.0,580.0,74.77561572601964
2021-07-01 16:30:00,0.0,580.0,82.48120673504133
2021-07-01 17:00:00,0.0,580.0,90.9354922177472
2021-07-01 17:30:00,1.13686837721616e-13,580.0,102.08620305698624
2021-07-01 18:00:00,300.0,580.0,111.92322092635784
2021-07-01 18:30:00,300.0,430.0,114.20550164549032
2021-07-01 19:00:00,300.0,280.0,108.02507294100856
2021-07-01 19:30:00,260.0,130.0,103.20502275991964
2021-07-01 20:00:00,0.0,0.0,95.34510151318636
2021-07-01 20:30:00,0.0,0.0,90.22714756216897
2021-07-01 21:00:00,0.0,0.0,85.49262861334846
2021-07-01 21:30:00,0.0,0.0,78.72871677391596
2021-07-01 22:00:00,0.0,0.0,71.66161404680068
2021-07-01 22:30:00,0.0,0.0,66.22642340629824
2021-07-01 23:00:00,0.0,0.0,59.881098796395634
2021-07-01 23:30:00,0.0,0.0,58.74292872776654
2021-07-02 00:00:00,0.0,0.0,64.22774700951008
2021-07-02 00:30:00,0.0,0.0,62.85829342542434
2021-07-02 01:00:00,0.0,0.0,60.1935186936745
2021-07-02 01:30:00,0.0,0.0,55.74350596850703
2021-07-02 02:00:00,0.0,0.0,46.82582703007933
2021-07-02 02:30:00,0.0,0.0,42.989675038088656
2021-07-02 03:00:00,-88.8888888888889,0.0,41.28460632538841
2021-07-02 03:30:00,-300.0,40.0,37.88645341804591
2021-07-02 04:00:00,-300.0,175.0,36.63684979864366
2021-07-02 04:30:00,-300.0,310.0,35.63141017470581
2021-07-02 05:00:00,-300.0,445.0,35.60424825867449
2021-07-02 05:30:00,0.0,580.0,42.29297396693029
2021-07-02 06:00:00,0.0,580.0,50.86869631968474
2021-07-02 06:30:00,0.0,580.0,62.73149980712683
2021-07-02 07:00:00,0.0,580.0,76.83046235506939
2021-07-02 07:30:00,0.0,580.0,85.11130925732904
2021-07-02 08:00:00,1.13686837721616e-14,580.0,96.756491420193
2021-07-02 08:30:00,300.0,580.0,105.48269791964204
2021-07-02 09:00:00,300.0,430.0,107.50821132159376
2021-07-02 09:30:00,300.0,280.0,106.37532341358856
2021-07-02 10:00:00,260.0,130.0,104.66259725702513
2021-07-02 10:30:00,0.0,0.0,103.08284472218666
2021-07-02 11:00:00,0.0,0.0,96.27755331051829
2021-07-02 11:30:00,0.0,0.0,86.68081116274305
2021-07-02 12:00:00,0.0,0.0,86.17456365600219
2021-07-02 12:30:00,0.0,0.0,84.58547862397265
2021-07-02 13:00:00,-300.0,0.0,80.91483805069086
2021-07-02 13:30:00,-300.0,135.0,81.06490767340557
2021-07-02 14:00:00,-300.0,270.0,82.6304781959239
2021-07-02 14:30:00,-300.0,405.0,82.58359767373554
2021-07-02 15:00:00,0.0,540.0,82.81569805254108
2021-07-02 15:30:00,-88.8888888888889,540.0,82.72115133661539
2021-07-02 16:00:00,0.0,580.0,88.43946252895978
2021-07-02 16:30:00,0.0,580.0,93.48730259101248
2021-07-02 17:00:00,0.0,580.0,106.89436447624269
2021-07-02 17:30:00,0.0,580.0,115.01422657572256
2021-07-02 18:00:00,260.0,580.0,122.43438435680068
2021-07-02 18:30:00,300.0,450.0,124.77446801921852
2021-07-02 19:00:00,300.0,300.0,125.48568246725364
2021-07-02 19:30:00,300.0,150.0,122.94973834798684
2021-07-02 20:00:00,0.0,0.0,117.35481947352056
2021-07-02 20:30:00,0.0,0.0,113.39629837661955
2021-07-02 21:00:00,0.0,0.0,103.47492700663818
2021-07-02 21:30:00,0.0,0.0,99.21827563839008
2021-07-02 22:00:00,0.0,0.0,95.73879759920854
2021-07-02 22:30:00,0.0,0.0,88.1157168794889
2021-07-02 23:00:00,0.0,0.0,84.29031976496648
2021-07-02 23:30:00,0.0,0.0,86.27679121500213
2021-07-03 00:00:00,0.0,0.0,85.78219126791551
2021-07-03 00:30:00,0.0,0.0,78.71794720727871
2021-07-03 01:00:00,0.0,0.0,72.78864420667091
2021-07-03 01:30:00,0.0,0.0,64.08137651468721
2021-07-03 02:00:00,0.0,0.0,58.484983735742205
2021-07-03 02:30:00,0.0,0.0,56.79190467804638
2021-07-03 03:00:00,-88.8888888888889,0.0,50.76172566066832
2021-07-03 03:30:00,-300.0,40.0,49.57056460943218
2021-07-03 04:00:00,-300.0,175.0,48.423595197842985
2021-07-03 04:30:00,-300.0,310.0,49.4225251441425
2021-07-03 05:00:00,-300.0,445.0,47.71415441079962
2021-07-03 05:30:00,0.0,580.0,54.42587100557479
2021-07-03 06:00:00,0.0,580.0,56.99979770399517
2021-07-03 06:30:00,0.0,580.0,60.087593316046295
2021-07-03 07:00:00,0.0,580.0,65.05009029339078
2021-07-03 07:30:00,0.0,580.0,70.19613474652134
2021-07-03 08:00:00,0.0,580.0,77.24808099553849
2021-07-03 08:30:00,0.0,580.0,81.81174303603474
2021-07-03 09:00:00,0.0,580.0,85.39208621821153
2021-07-03 09:30:00,0.0,580.0,86.1901968840972
2021-07-03 10:00:00,0.0,580.0,82.59487288439654
2021-07-03 10:30:00,0.0,580.0,81.92827955442458
2021-07-03 11:00:00,0.0,580.0,80.58472488027807
2021-07-03 11:30:00,0.0,580.0,75.6886189860337
2021-07-03 12:00:00,0.0,580.0,76.09872230625821
2021-07-03 12:30:00,0.0,580.0,71.83893721078974
2021-07-03 13:00:00,0.0,580.0,69.84951864029853
2021-07-03 13:30:00,0.0,580.0,68.98317140310192
2021-07-03 14:00:00,0.0,580.0,71.02600299446924
2021-07-03 14:30:00,0.0,580.0,74.49619651301981
2021-07-03 15:00:00,0.0,580.0,79.25051736020154
2021-07-03 15:30:00,0.0,580.0,86.20867515461595
2021-07-03 16:00:00,0.0,580.0,92.63310644657474
2021-07-03 16:30:00,0.0,580.0,97.95896598309136
2021-07-03 17:00:00,0.0,580.0,105.9028099829424
2021-07-03 17:30:00,1.13686837721616e-13,580.0,115.13129326615466
2021-07-03 18:00:00,300.0,580.0,123.09230677280348
2021-07-03 18:30:00,300.0,430.0,123.4553627422755
2021-07-03 19:00:00,300.0,280.0,118.7139586749415
2021-07-03 19:30:00,260.0,130.0,115.60103514701022
2021-07-03 20:00:00,0.0,0.0,110.8039511383704
2021-07-03 20:30:00,0.0,0.0,105.4604195365669
2021-07-03 21:00:00,0.0,0.0,100.99194983098818
2021-07-03 21:30:00,0.0,0.0,96.50645526991184
2021-07-03 22:00:00,0.0,0.0,91.26320986291006
2021-07-03 22:30:00,0.0,0.0,85.10045670996742
2021-07-03 23:00:00,0.0,0.0,81.2166851905601
2021-07-03 23:30:00,0.0,0.0,82.38206149582814
2021-07-04 00:00:00,0.0,0.0,65.12016680457737
2021-07-04 00:30:00,0.0,0.0,62.286392636545855
2021-07-04 01:00:00,0.0,0.0,53.47298647676976
2021-07-04 01:30:00,0.0,0.0,47.683812555386325
2021-07-04 02:00:00,0.0,0.0,41.47517133748464
2021-07-04 02:30:00,0.0,0.0,35.25081194360216
2021-07-04 03:00:00,0.0,0.0,27.25074567375873
2021-07-04 03:30:00,0.0,0.0,26.700738657361317
2021-07-04 04:00:00,-300.0,0.0,23.90722598776452
2021-07-04 04:30:00,-300.0,135.0,22.680895973208397
2021-07-04 05:00:00,-300.0,270.0,23.043733360746984
2021-07-04 05:30:00,-300.0,405.0,21.7601247009102
2021-07-04 06:00:00,-88.8888888888889,540.0,24.584266686247236
2021-07-04 06:30:00,0.0,580.0,29.15018460454374
2021-07-04 07:00:00,0.0,580.0,33.96866067993007
2021-07-04 07:30:00,0.0,580.0,38.01466623014774
2021-07-04 08:00:00,0.0,580.0,44.728006619109706
2021-07-04 08:30:00,0.0,580.0,48.632633563790336
2021-07-04 09:00:00,0.0,580.0,50.4683566695947
2021-07-04 09:30:00,0.0,580.0,53.34372452121524
2021-07-04 10:00:00,0.0,580.0,53.76525931742792
2021-07-04 10:30:00,0.0,580.0,51.54319318103468
2021-07-04 11:00:00,0.0,580.0,49.20018472746048
2021-07-04 11:30:00,0.0,580.0,49.725601928862645
2021-07-04 12:00:00,0.0,580.0,52.92521386108507
2021-07-04 12:30:00,0.0,580.0,51.975192782641386
2021-07-04 13:00:00,0.0,580.0,50.8703981313376
2021-07-04 13:30:00,0.0,580.0,50.57482591685728
2021-07-04 14:00:00,0.0,580.0,54.97864304827401
2021-07-04 14:30:00,0.0,580.0,59.07737216721206
2021-07-04 15:00:00,0.0,580.0,64.15534014195256
2021-07-04 15:30:00,0.0,580.0,66.9314531189251
2021-07-04 16:00:00,0.0,580.0,72.45049407986296
2021-07-04 16:30:00,0.0,580.0,78.67621402564971
2021-07-04 17:00:00,0.0,580.0,86.82096783994491
2021-07-04 17:30:00,1.13686837721616e-13,580.0,94.2477538781784
2021-07-04 18:00:00,300.0,580.0,103.62631176028988
2021-07-04 18:30:00,300.0,430.0,103.4293805241854
2021-07-04 19:00:00,300.0,280.0,101.36973880595922
2021-07-04 19:30:00,260.0,130.0,97.56596869382808
2021-07-04 20:00:00,0.0,0.0,93.89588584798484
2021-07-04 20:30:00,0.0,0.0,88.60440921358496
2021-07-04 21:00:00,0.0,0.0,85.34719758456087
2021-07-04 21:30:00,0.0,0.0,84.03938173182789
2021-07-04 22:00:00,0.0,0.0,81.53060366478341
2021-07-04 22:30:00,0.0,0.0,74.57649956469628
2021-07-04 23:00:00,0.0,0.0,70.0002070662606
2021-07-04 23:30:00,0.0,0.0,70.5741747142398
2021-07-05 00:00:00,0.0,0.0,74.36545047114821
2021-07-05 00:30:00,0.0,0.0,67.4015236037546
2021-07-05 01:00:00,0.0,0.0,62.40290871211556
2021-07-05 01:30:00,0.0,0.0,56.32734829319425
2021-07-05 02:00:00,0.0,0.0,50.05683454546151
2021-07-05 02:30:00,-88.8888888888888,0.0,44.98152559752849
2021-07-05 03:00:00,-300.0,39.9999999999999,42.74400633279103
2021-07-05 03:30:00,-300.0,175.0,42.74765985968669
2021-07-05 04:00:00,-300.0,310.0,42.15968601855917
2021-07-05 04:30:00,-300.0,445.0,44.0820606091088
2021-07-05 05:00:00,0.0,580.0,45.45124324133536
2021-07-05 05:30:00,0.0,580.0,49.31638868609049
2021-07-05 06:00:00,0.0,580.0,57.791828657782006
2021-07-05 06:30:00,0.0,580.0,69.94171618929582
2021-07-05 07:00:00,0.0,580.0,82.53547014027394
2021-07-05 07:30:00,0.0,580.0,91.3200466007744
2021-07-05 08:00:00,0.0,580.0,102.66254346022176
2021-07-05 08:30:00,0.0,580.0,111.0861094042984
2021-07-05 09:00:00,0.0,580.0,116.38282948022048
2021-07-05 09:30:00,0.0,580.0,114.72782914492296
2021-07-05 10:00:00,0.0,580.0,107.8991415120179
2021-07-05 10:30:00,0.0,580.0,104.81470733645858
2021-07-05 11:00:00,0.0,580.0,100.70093729648792
2021-07-05 11:30:00,0.0,580.0,98.7554628820112
2021-07-05 12:00:00,0.0,580.0,99.20159586255294
2021-07-05 12:30:00,0.0,580.0,98.91485696773674
2021-07-05 13:00:00,0.0,580.0,98.54707244661404
2021-07-05 13:30:00,0.0,580.0,97.85003295616816
2021-07-05 14:00:00,0.0,580.0,97.99022686229608
2021-07-05 14:30:00,0.0,580.0,96.63860739730936
2021-07-05 15:00:00,0.0,580.0,97.3860629889088
2021-07-05 15:30:00,0.0,580.0,99.12583441306414
2021-07-05 16:00:00,0.0,580.0,101.8349337825846
2021-07-05 16:30:00,0.0,580.0,107.65751053005248
2021-07-05 17:00:00,0.0,580.0,116.98841754137013
2021-07-05 17:30:00,0.0,580.0,123.36066986316284
2021-07-05 18:00:00,0.0,580.0,130.84779316926188
2021-07-05 18:30:00,260.0,580.0,132.6385192740497
2021-07-05 19:00:00,300.0,450.0,133.32700411688
2021-07-05 19:30:00,300.0,300.0,136.3707903882514
2021-07-05 20:00:00,300.0,150.0,134.07057546853667
2021-07-05 20:30:00,0.0,0.0,132.49343357596342
2021-07-05 21:00:00,0.0,0.0,132.27189825678389
2021-07-05 21:30:00,0.0,0.0,125.11253436553898
2021-07-05 22:00:00,0.0,0.0,115.75853054190404
2021-07-05 22:30:00,0.0,0.0,93.61967177918568
2021-07-05 23:00:00,0.0,0.0,80.2934990099182
2021-07-05 23:30:00,0.0,0.0,79.69528324209037
2021-07-06 00:00:00,0.0,0.0,151.57707639179904
2021-07-06 00:30:00,0.0,0.0,128.22963325547346
2021-07-06 01:00:00,0.0,0.0,114.57040144800786
2021-07-06 01:30:00,0.0,0.0,104.28738027123008
2021-07-06 02:00:00,0.0,0.0,92.7574077724959
2021-07-06 02:30:00,0.0,0.0,85.91188114290783
2021-07-06 03:00:00,0.0,0.0,81.73841173277187
2021-07-06 03:30:00,-300.0,0.0,77.48699736051526
2021-07-06 04:00:00,-300.0,135.0,75.4093300620033
2021-07-06 04:30:00,-300.0,270.0,76.27221668285353
2021-07-06 05:00:00,-300.0,405.0,77.0671412175081
2021-07-06 05:30:00,-88.8888888888888,540.0,80.93252021562535
2021-07-06 06:00:00,0.0,580.0,88.60691131952606
2021-07-06 06:30:00,0.0,580.0,98.80618190109216
2021-07-06 07:00:00,0.0,580.0,111.16677289254918
2021-07-06 07:30:00,0.0,580.0,121.10262872189396
2021-07-06 08:00:00,0.0,580.0,132.09959635113518
2021-07-06 08:30:00,0.0,580.0,141.43403397253456
2021-07-06 09:00:00,0.0,580.0,145.80661829072938
2021-07-06 09:30:00,0.0,580.0,144.62246173126445
2021-07-06 10:00:00,0.0,580.0,140.94242053546373
2021-07-06 10:30:00,0.0,580.0,138.07967103950568
2021-07-06 11:00:00,0.0,580.0,133.6033317087497
2021-07-06 11:30:00,0.0,580.0,127.1467389180698
2021-07-06 12:00:00,0.0,580.0,123.17095650744682
2021-07-06 12:30:00,0.0,580.0,121.97181837525429
2021-07-06 13:00:00,0.0,580.0,120.72798100173684
2021-07-06 13:30:00,0.0,580.0,121.6393714530735
2021-07-06 14:00:00,0.0,580.0,121.83501292942005
2021-07-06 14:30:00,0.0,580.0,123.60305571797062
2021-07-06 15:00:00,0.0,580.0,124.49537132456037
2021-07-06 15:30:00,0.0,580.0,127.33802797435725
2021-07-06 16:00:00,0.0,580.0,130.68028886621968
2021-07-06 16:30:00,0.0,580.0,136.0762638100087
2021-07-06 17:00:00,0.0,580.0,142.96723397866478
2021-07-06 17:30:00,260.0,580.0,150.39489198659393
2021-07-06 18:00:00,300.0,450.0,152.72895595614062
2021-07-06 18:30:00,300.0,300.0,151.42815079777492
2021-07-06 19:00:00,300.0,150.0,151.45438826947628
2021-07-06 19:30:00,0.0,0.0,150.00167319777037
2021-07-06 20:00:00,0.0,0.0,146.0702078515445
2021-07-06 20:30:00,0.0,0.0,140.3874250941888
2021-07-06 21:00:00,0.0,0.0,135.4088516926087
2021-07-06 21:30:00,0.0,0.0,129.3707620716933
2021-07-06 22:00:00,0.0,0.0,120.79759243223904
2021-07-06 22:30:00,0.0,0.0,111.94006622995128
2021-07-06 23:00:00,0.0,0.0,106.99358693954412
2021-07-06 23:30:00,0.0,0.0,107.74950192303656
2021-07-07 00:00:00,0.0,0.0,157.23582794243106
2021-07-07 00:30:00,0.0,0.0,144.88676608434602
2021-07-07 01:00:00,0.0,0.0,135.9059367532531
2021-07-07 01:30:00,0.0,0.0,126.82757148401728
2021-07-07 02:00:00,0.0,0.0,119.297455316802
2021-07-07 02:30:00,0.0,0.0,112.53105812586035
2021-07-07 03:00:00,-88.8888888888889,0.0,108.58149867772129
2021-07-07 03:30:00,-300.0,40.0,106.62722943191022
2021-07-07 04:00:00,-300.0,175.0,105.8382809759113
2021-07-07 04:30:00,-300.0,310.0,104.73964379178628
2021-07-07 05:00:00,-300.0,445.0,107.47495195308828
2021-07-07 05:30:00,0.0,580.0,112.77871718437292
2021-07-07 06:00:00,0.0,580.0,119.65032763235132
2021-07-07 06:30:00,0.0,580.0,131.45428677252167
2021-07-07 07:00:00,0.0,580.0,142.50826504954844
2021-07-07 07:30:00,0.0,580.0,152.32564563497593
2021-07-07 08:00:00,0.0,580.0,161.51745043323447
2021-07-07 08:30:00,0.0,580.0,168.31698178536513
2021-07-07 09:00:00,0.0,580.0,169.26827505199336
2021-07-07 09:30:00,0.0,580.0,166.74176185278708
2021-07-07 10:00:00,0.0,580.0,162.27696140403987
2021-07-07 10:30:00,0.0,580.0,158.30972857508726
2021-07-07 11:00:00,0.0,580.0,151.93919196936162
2021-07-07 11:30:00,0.0,580.0,143.97774180494642
2021-07-07 12:00:00,0.0,580.0,138.9271436889768
2021-07-07 12:30:00,0.0,580.0,135.87224265668516
2021-07-07 13:00:00,0.0,580.0,135.59905036365
2021-07-07 13:30:00,0.0,580.0,142.15817168517833
2021-07-07 14:00:00,0.0,580.0,146.7367544237373
2021-07-07 14:30:00,0.0,580.0,148.1066578242813
2021-07-07 15:00:00,0.0,580.0,149.69326200051756
2021-07-07 15:30:00,0.0,580.0,153.35649674901111
2021-07-07 16:00:00,0.0,580.0,158.23163834370246
2021-07-07 16:30:00,0.0,580.0,161.88766909343283
2021-07-07 17:00:00,0.0,580.0,170.152867456582
2021-07-07 17:30:00,260.0,580.0,178.7968260131551
2021-07-07 18:00:00,300.0,450.0,185.8874748605832
2021-07-07 18:30:00,300.0,300.0,185.25207530048283
2021-07-07 19:00:00,300.0,150.0,182.6665568894564
2021-07-07 19:30:00,0.0,0.0,178.34249642170525
2021-07-07 20:00:00,0.0,0.0,174.84718001350058
2021-07-07 20:30:00,0.0,0.0,170.15668487552597
2021-07-07 21:00:00,0.0,0.0,165.12823442503102
2021-07-07 21:30:00,0.0,0.0,160.7648228778853
2021-07-07 22:00:00,0.0,0.0,155.40413597884253
2021-07-07 22:30:00,0.0,0.0,146.03686331689102
2021-07-07 23:00:00,0.0,0.0,139.6363198317388
2021-07-07 23:30:00,0.0,0.0,140.41502913616273
2021-07-08 00:00:00,0.0,0.0,162.59414510435948
2021-07-08 00:30:00,0.0,0.0,150.39722502362508
2021-07-08 01:00:00,0.0,0.0,140.36670689021557
2021-07-08 01:30:00,0.0,0.0,132.61642096948125
2021-07-08 02:00:00,0.0,0.0,125.94022714754593
2021-07-08 02:30:00,0.0,0.0,120.42627466672658
2021-07-08 03:00:00,-88.8888888888889,0.0,116.78758123234287
2021-07-08 03:30:00,-300.0,40.0,114.74210223193066
2021-07-08 04:00:00,-300.0,175.0,113.30419463884492
2021-07-08 04:30:00,-300.0,310.0,113.43147524056847
2021-07-08 05:00:00,-300.0,445.0,115.14772658429044
2021-07-08 05:30:00,0.0,580.0,119.33094187848664
2021-07-08 06:00:00,0.0,580.0,126.50606483314148
2021-07-08 06:30:00,0.0,580.0,138.21073702106057
2021-07-08 07:00:00,0.0,580.0,151.7281831889689
2021-07-08 07:30:00,0.0,580.0,162.82510883676673
2021-07-08 08:00:00,1.13686837721616e-13,580.0,174.38409877345816
2021-07-08 08:30:00,300.0,580.0,183.27245231927296
2021-07-08 09:00:00,300.0,430.0,184.3425882434248
2021-07-08 09:30:00,300.0,280.0,181.7688706304608
2021-07-08 10:00:00,0.0,130.0,173.88232291262415
2021-07-08 10:30:00,0.0,130.0,165.24291204476506
2021-07-08 11:00:00,0.0,130.0,156.53420465825212
2021-07-08 11:30:00,0.0,130.0,149.07225250220668
2021-07-08 12:00:00,0.0,130.0,144.23324817660557
2021-07-08 12:30:00,-300.0,130.0,140.9340270599485
2021-07-08 13:00:00,-300.0,265.0,140.39672543129598
2021-07-08 13:30:00,-300.0,400.0,140.3918861837272
2021-07-08 14:00:00,-100.0,535.0,142.4676648526524
2021-07-08 14:30:00,0.0,580.0,143.46084211053207
2021-07-08 15:00:00,0.0,580.0,147.8631311951863
2021-07-08 15:30:00,0.0,580.0,154.53852598644596
2021-07-08 16:00:00,0.0,580.0,160.55572778351498
2021-07-08 16:30:00,0.0,580.0,168.56720970060238
2021-07-08 17:00:00,0.0,580.0,178.72285471457792
2021-07-08 17:30:00,0.0,580.0,189.09706750370296
2021-07-08 18:00:00,300.0,580.0,200.49037062945737
2021-07-08 18:30:00,300.0,430.0,202.4037553632023
2021-07-08 19:00:00,300.0,280.0,200.2423268839293
2021-07-08 19:30:00,260.0,130.0,196.62271675902457
2021-07-08 20:00:00,0.0,0.0,192.8934858355938
2021-07-08 20:30:00,0.0,0.0,187.66827466004364
2021-07-08 21:00:00,0.0,0.0,182.6629941469608
2021-07-08 21:30:00,0.0,0.0,176.01262957963357
2021-07-08 22:00:00,0.0,0.0,169.7519844079497
2021-07-08 22:30:00,0.0,0.0,161.67700723204385
2021-07-08 23:00:00,0.0,0.0,153.26959532054704
2021-07-08 23:30:00,0.0,0.0,152.20468570791508
2021-07-09 00:00:00,0.0,0.0,170.15559701264178
2021-07-09 00:30:00,0.0,0.0,157.54862863621986
2021-07-09 01:00:00,0.0,0.0,148.85161064477728
2021-07-09 01:30:00,0.0,0.0,141.76405543608
2021-07-09 02:00:00,0.0,0.0,134.92961902397226
2021-07-09 02:30:00,-300.0,0.0,130.86105954393778
2021-07-09 03:00:00,-300.0,135.0,130.02910765188844
2021-07-09 03:30:00,-300.0,270.0,129.27049663695414
2021-07-09 04:00:00,-300.0,405.0,129.36467942917605
2021-07-09 04:30:00,-88.8888888888888,540.0,131.23801857197216
2021-07-09 05:00:00,0.0,580.0,132.8909514017659
2021-07-09 05:30:00,0.0,580.0,139.2767514985085
2021-07-09 06:00:00,0.0,580.0,146.96351817628914
2021-07-09 06:30:00,0.0,580.0,159.2608546106795
2021-07-09 07:00:00,0.0,580.0,172.45834244112268
2021-07-09 07:30:00,0.0,580.0,183.953599621113
2021-07-09 08:00:00,260.0,580.0,196.4906793450678
2021-07-09 08:30:00,300.0,450.0,205.37941077619143
2021-07-09 09:00:00,300.0,300.0,206.75901198660532
2021-07-09 09:30:00,300.0,150.0,201.8778980347047
2021-07-09 10:00:00,0.0,0.0,193.237253225456
2021-07-09 10:30:00,0.0,0.0,183.24376007350247
2021-07-09 11:00:00,0.0,0.0,171.41272389326755
2021-07-09 11:30:00,0.0,0.0,163.23838533375186
2021-07-09 12:00:00,0.0,0.0,157.15091610629366
2021-07-09 12:30:00,0.0,0.0,151.54836684011252
2021-07-09 13:00:00,-88.8888888888889,0.0,147.2585339706942
2021-07-09 13:30:00,-300.0,40.0,145.6026741788944
2021-07-09 14:00:00,-300.0,175.0,143.75472742066222
2021-07-09 14:30:00,-300.0,310.0,144.1847928947674
2021-07-09 15:00:00,-300.0,445.0,145.81932015150977
2021-07-09 15:30:00,0.0,580.0,150.35082753672634
2021-07-09 16:00:00,0.0,580.0,157.26741313883898
2021-07-09 16:30:00,0.0,580.0,165.52881170937297
2021-07-09 17:00:00,0.0,580.0,176.88508954371133
2021-07-09 17:30:00,0.0,580.0,190.42732164090933
2021-07-09 18:00:00,300.0,580.0,199.28968249336316
2021-07-09 18:30:00,300.0,430.0,199.94256701620537
2021-07-09 19:00:00,300.0,280.0,199.1033095823098
2021-07-09 19:30:00,260.0,130.0,195.4652139854169
2021-07-09 20:00:00,0.0,0.0,192.69073720574707
2021-07-09 20:30:00,0.0,0.0,189.96302080674468
2021-07-09 21:00:00,0.0,0.0,186.0050941043191
2021-07-09 21:30:00,0.0,0.0,181.62638969208413
2021-07-09 22:00:00,0.0,0.0,175.10479835102586
2021-07-09 22:30:00,0.0,0.0,168.58173310229606
2021-07-09 23:00:00,0.0,0.0,160.54341970571207
2021-07-09 23:30:00,0.0,0.0,161.09225576044
2021-07-10 00:00:00,0.0,0.0,172.25258110073017
2021-07-10 00:30:00,0.0,0.0,162.80213171125502
2021-07-10 01:00:00,0.0,0.0,155.5997311446782
2021-07-10 01:30:00,0.0,0.0,148.63385048764843
2021-07-10 02:00:00,0.0,0.0,140.71873572672405
2021-07-10 02:30:00,0.0,0.0,135.59018620974808
2021-07-10 03:00:00,0.0,0.0,131.1125425568039
2021-07-10 03:30:00,-88.8888888888889,0.0,127.6806678793273
2021-07-10 04:00:00,-300.0,40.0,125.8361506422648
2021-07-10 04:30:00,-300.0,175.0,126.03130950892252
2021-07-10 05:00:00,-300.0,310.0,124.86771614882824
2021-07-10 05:30:00,-300.0,445.0,126.74068441675765
2021-07-10 06:00:00,0.0,580.0,130.64855849459516
2021-07-10 06:30:00,0.0,580.0,134.65889903884414
2021-07-10 07:00:00,0.0,580.0,140.13938155560567
2021-07-10 07:30:00,0.0,580.0,147.09420045082734
2021-07-10 08:00:00,0.0,580.0,154.8992285092192
2021-07-10 08:30:00,0.0,580.0,162.39539024819877
2021-07-10 09:00:00,300.0,580.0,168.10193806289018
2021-07-10 09:30:00,300.0,430.0,169.68894676350578
2021-07-10 10:00:00,300.0,280.0,169.23128885991403
2021-07-10 10:30:00,0.0,130.0,163.58910378888766
2021-07-10 11:00:00,0.0,130.0,157.58256812884517
2021-07-10 11:30:00,0.0,130.0,150.41897903816692
2021-07-10 12:00:00,0.0,130.0,143.75153355146833
2021-07-10 12:30:00,0.0,130.0,138.74926778599794
2021-07-10 13:00:00,0.0,130.0,133.3303391741428
2021-07-10 13:30:00,-300.0,130.0,129.891812452381
2021-07-10 14:00:00,-300.0,265.0,129.7966333714466
2021-07-10 14:30:00,-300.0,400.0,129.9861593245982
2021-07-10 15:00:00,-100.0,535.0,133.03314591622714
2021-07-10 15:30:00,0.0,580.0,138.11028060642423
2021-07-10 16:00:00,0.0,580.0,144.91472149953276
2021-07-10 16:30:00,0.0,580.0,155.34580918014913
2021-07-10 17:00:00,0.0,580.0,165.72135724776172
2021-07-10 17:30:00,0.0,580.0,178.41718376212677
2021-07-10 18:00:00,300.0,580.0,188.67239850500044
2021-07-10 18:30:00,300.0,430.0,190.99945584001944
2021-07-10 19:00:00,300.0,280.0,187.74458124149777
2021-07-10 19:30:00,260.0,130.0,183.03488262172635
2021-07-10 20:00:00,0.0,0.0,176.91677563278404
2021-07-10 20:30:00,0.0,0.0,173.215976597515
2021-07-10 21:00:00,0.0,0.0,169.70026318869384
2021-07-10 21:30:00,0.0,0.0,165.8150394831166
2021-07-10 22:00:00,0.0,0.0,164.6788537113086
2021-07-10 22:30:00,0.0,0.0,159.11598208849193
2021-07-10 23:00:00,0.0,0.0,154.80692201117083
2021-07-10 23:30:00,0.0,0.0,156.7271577119552
2021-07-11 00:00:00,0.0,0.0,170.5942701010179
2021-07-11 00:30:00,0.0,0.0,161.48232916042275
2021-07-11 01:00:00,0.0,0.0,154.47814503232794
2021-07-11 01:30:00,0.0,0.0,147.71612030160324
2021-07-11 02:00:00,0.0,0.0,138.68031077542776
2021-07-11 02:30:00,0.0,0.0,132.91536392922092
2021-07-11 03:00:00,0.0,0.0,127.1968461090812
2021-07-11 03:30:00,0.0,0.0,122.4237244117476
2021-07-11 04:00:00,0.0,0.0,117.0225515071278
2021-07-11 04:30:00,0.0,0.0,114.72221055075948
2021-07-11 05:00:00,0.0,0.0,114.74964510313872
2021-07-11 05:30:00,0.0,0.0,115.7781710730322
2021-07-11 06:00:00,0.0,0.0,117.17021960147028
2021-07-11 06:30:00,0.0,0.0,117.26522216992066
2021-07-11 07:00:00,0.0,0.0,117.59920232377372
2021-07-11 07:30:00,0.0,0.0,119.91458904994064
2021-07-11 08:00:00,0.0,0.0,125.60471542502115
2021-07-11 08:30:00,0.0,0.0,131.60199237431254
2021-07-11 09:00:00,0.0,0.0,132.16307335298026
2021-07-11 09:30:00,0.0,0.0,131.61604666835046
2021-07-11 10:00:00,0.0,0.0,128.6341263207138
2021-07-11 10:30:00,0.0,0.0,118.89001064963894
2021-07-11 11:00:00,0.0,0.0,110.26708925575656
2021-07-11 11:30:00,0.0,0.0,102.63962588591504
2021-07-11 12:00:00,-300.0,0.0,98.24707100220878
2021-07-11 12:30:00,-300.0,135.0,91.31274496459744
2021-07-11 13:00:00,-300.0,270.0,91.10135820836577
2021-07-11 13:30:00,-300.0,405.0,95.72362146152416
2021-07-11 14:00:00,-88.8888888888889,540.0,102.3302173331024
2021-07-11 14:30:00,0.0,580.0,107.68641801928126
2021-07-11 15:00:00,0.0,580.0,113.6234871940637
2021-07-11 15:30:00,0.0,580.0,120.28208000547576
2021-07-11 16:00:00,0.0,580.0,127.93882944198722
2021-07-11 16:30:00,0.0,580.0,135.34574434688838
2021-07-11 17:00:00,0.0,580.0,144.78374732630772
2021-07-11 17:30:00,0.0,580.0,155.4997836987931
2021-07-11 18:00:00,300.0,580.0,163.0890357030706
2021-07-11 18:30:00,300.0,430.0,165.68428638826703
2021-07-11 19:00:00,300.0,280.0,164.31051985311925
2021-07-11 19:30:00,260.0,130.0,159.52431714295616
2021-07-11 20:00:00,0.0,0.0,158.13579711233965
2021-07-11 20:30:00,0.0,0.0,154.35129489677163
2021-07-11 21:00:00,0.0,0.0,147.9132673347513
2021-07-11 21:30:00,0.0,0.0,141.22388790555536
2021-07-11 22:00:00,0.0,0.0,132.19161045460066
2021-07-11 22:30:00,0.0,0.0,125.08794360724046
2021-07-11 23:00:00,0.0,0.0,118.72558325706208
2021-07-11 23:30:00,0.0,0.0,120.31284997785082
2021-07-12 00:00:00,0.0,0.0,51.57185991552223
2021-07-12 00:30:00,0.0,0.0,51.480185869017646
2021-07-12 01:00:00,0.0,0.0,47.022284138473154
2021-07-12 01:30:00,0.0,0.0,44.96545129817753
2021-07-12 02:00:00,-88.8888888888888,0.0,41.25234151265599
2021-07-12 02:30:00,-300.0,39.9999999999999,37.83792326698915
2021-07-12 03:00:00,-300.0,175.0,36.19740234444659
2021-07-12 03:30:00,-300.0,310.0,37.37077475090907
2021-07-12 04:00:00,-300.0,445.0,40.54992714469194
2021-07-12 04:30:00,0.0,580.0,42.07667371045245
2021-07-12 05:00:00,0.0,580.0,43.43335171208896
2021-07-12 05:30:00,0.0,580.0,50.33372528674879
2021-07-12 06:00:00,0.0,580.0,56.42778913261545
2021-07-12 06:30:00,0.0,580.0,69.06762448471446
2021-07-12 07:00:00,0.0,580.0,79.15977547055681
2021-07-12 07:30:00,0.0,580.0,88.87002786904065
2021-07-12 08:00:00,0.0,580.0,101.63384631154736
2021-07-12 08:30:00,260.0,580.0,109.36163613224028
2021-07-12 09:00:00,300.0,450.0,110.67427718066602
2021-07-12 09:30:00,300.0,300.0,112.47453804860434
2021-07-12 10:00:00,300.0,150.0,110.62472772685663
2021-07-12 10:30:00,0.0,0.0,105.51300855629196
2021-07-12 11:00:00,0.0,0.0,98.89345456222404
2021-07-12 11:30:00,0.0,0.0,89.00130876884197
2021-07-12 12:00:00,0.0,0.0,78.99018518188176
2021-07-12 12:30:00,0.0,0.0,69.00121852690229
2021-07-12 13:00:00,-300.0,0.0,63.826034203998496
2021-07-12 13:30:00,-300.0,135.0,62.45338633513459
2021-07-12 14:00:00,-300.0,270.0,60.38993248609096
2021-07-12 14:30:00,-300.0,405.0,61.46151541373849
2021-07-12 15:00:00,-88.8888888888889,540.0,64.09249574455718
2021-07-12 15:30:00,0.0,580.0,71.55379424547785
2021-07-12 16:00:00,0.0,580.0,80.03525719658839
2021-07-12 16:30:00,0.0,580.0,86.76057889614557
2021-07-12 17:00:00,0.0,580.0,95.62922236545025
2021-07-12 17:30:00,0.0,580.0,110.76219510612869
2021-07-12 18:00:00,1.13686837721616e-13,580.0,123.98490923257762
2021-07-12 18:30:00,300.0,580.0,128.31704254716453
2021-07-12 19:00:00,300.0,430.0,129.28126714480484
2021-07-12 19:30:00,300.0,280.0,124.70205603435686
2021-07-12 20:00:00,260.0,130.0,124.40088384496218
2021-07-12 20:30:00,0.0,0.0,120.87674382641912
2021-07-12 21:00:00,0.0,0.0,114.27809502964637
2021-07-12 21:30:00,0.0,0.0,109.80184236910128
2021-07-12 22:00:00,0.0,0.0,104.05331837447886
2021-07-12 22:30:00,0.0,0.0,93.87370062788506
2021-07-12 23:00:00,0.0,0.0,86.72427037292763
2021-07-12 23:30:00,0.0,0.0,86.23738337710591
2021-07-13 00:00:00,0.0,0.0,82.99997561952604
2021-07-13 00:30:00,0.0,0.0,74.74897713171549
2021-07-13 01:00:00,0.0,0.0,69.06719219406395
2021-07-13 01:30:00,0.0,0.0,63.99352583376331
2021-07-13 02:00:00,0.0,0.0,59.53794411052367
2021-07-13 02:30:00,0.0,0.0,56.67262395873884
2021-07-13 03:00:00,-300.0,0.0,53.171104353351296
2021-07-13 03:30:00,-88.8888888888889,135.0,54.096398341439
2021-07-13 04:00:00,-300.0,175.0,52.47506549376749
2021-07-13 04:30:00,-300.0,310.0,51.89391145551444
2021-07-13 05:00:00,-300.0,445.0,52.32478217675488
2021-07-13 05:30:00,0.0,580.0,58.448503394163936
2021-07-13 06:00:00,0.0,580.0,64.32391034749118
2021-07-13 06:30:00,0.0,580.0,75.70835858307701
2021-07-13 07:00:00,0.0,580.0,89.44911359037113
2021-07-13 07:30:00,0.0,580.0,102.19028566481128
2021-07-13 08:00:00,260.0,580.0,111.61123124406528
2021-07-13 08:30:00,300.0,450.0,112.64056907758804
2021-07-13 09:00:00,300.0,300.0,116.15461000502752
2021-07-13 09:30:00,300.0,150.0,115.56585009559367
2021-07-13 10:00:00,0.0,0.0,110.50154035733132
2021-07-13 10:30:00,0.0,0.0,101.21011852261758
2021-07-13 11:00:00,0.0,0.0,92.7178323424295
2021-07-13 11:30:00,0.0,0.0,84.44171578650317
2021-07-13 12:00:00,-88.8888888888889,0.0,80.59697275463826
2021-07-13 12:30:00,-300.0,40.0,80.24882981288525
2021-07-13 13:00:00,-300.0,175.0,79.34265567034697
2021-07-13 13:30:00,0.0,310.0,82.86771733416212
2021-07-13 14:00:00,0.0,310.0,83.82718018093165
2021-07-13 14:30:00,-300.0,310.0,80.21203282014316
2021-07-13 15:00:00,-300.0,445.0,79.0376092732329
2021-07-13 15:30:00,0.0,580.0,84.87739785807844
2021-07-13 16:00:00,0.0,580.0,92.99260144599351
2021-07-13 16:30:00,0.0,580.0,101.73992796801872
2021-07-13 17:00:00,0.0,580.0,111.53377531059452
2021-07-13 17:30:00,1.13686837721616e-13,580.0,118.22553920681396
2021-07-13 18:00:00,300.0,580.0,129.98317466268537
2021-07-13 18:30:00,300.0,430.0,130.3771549116713
2021-07-13 19:00:00,300.0,280.0,126.34070676054424
2021-07-13 19:30:00,260.0,130.0,119.608218204433
2021-07-13 20:00:00,0.0,0.0,111.6140808225636
2021-07-13 20:30:00,0.0,0.0,106.08665284880216
2021-07-13 21:00:00,0.0,0.0,100.08649255955709
2021-07-13 21:30:00,0.0,0.0,94.71854398113015
2021-07-13 22:00:00,0.0,0.0,84.42962785312272
2021-07-13 22:30:00,0.0,0.0,75.83288672660031
2021-07-13 23:00:00,0.0,0.0,65.6081752596925
2021-07-13 23:30:00,0.0,0.0,66.03320278996654
2021-07-14 00:00:00,0.0,0.0,40.33784806274247
2021-07-14 00:30:00,0.0,0.0,46.375637190816605
2021-07-14 01:00:00,0.0,0.0,47.04670599343533
2021-07-14 01:30:00,0.0,0.0,44.03242774421189
2021-07-14 02:00:00,0.0,0.0,38.831673120594274
2021-07-14 02:30:00,0.0,0.0,34.23491200799501
2021-07-14 03:00:00,-88.8888888888888,0.0,30.745102355894986
2021-07-14 03:30:00,-300.0,39.9999999999999,30.132271203811115
2021-07-14 04:00:00,-300.0,175.0,28.720621947892653
2021-07-14 04:30:00,-300.0,310.0,25.99846080153561
2021-07-14 05:00:00,-300.0,445.0,29.579195847145485
2021-07-14 05:30:00,0.0,580.0,34.022776652848606
2021-07-14 06:00:00,0.0,580.0,38.56080876221229
2021-07-14 06:30:00,0.0,580.0,48.78541762982027
2021-07-14 07:00:00,0.0,580.0,62.39077829733786
2021-07-14 07:30:00,0.0,580.0,74.7523536176548
2021-07-14 08:00:00,0.0,580.0,85.09032282376177
2021-07-14 08:30:00,5.6843418860808e-14,580.0,93.6726403122764
2021-07-14 09:00:00,240.0,580.0,100.01934416957978
2021-07-14 09:30:00,300.0,460.0,100.72379374804522
2021-07-14 10:00:00,0.0,310.0,96.65541025185256
2021-07-14 10:30:00,0.0,310.0,96.75276620408609
2021-07-14 11:00:00,0.0,310.0,95.92080970025572
2021-07-14 11:30:00,0.0,310.0,94.7159528103238
2021-07-14 12:00:00,0.0,310.0,93.80180674812728
2021-07-14 12:30:00,0.0,310.0,93.65680990797831
2021-07-14 13:00:00,0.0,310.0,88.8295064720832
2021-07-14 13:30:00,0.0,310.0,86.40738571570272
2021-07-14 14:00:00,0.0,310.0,84.58065890821074
2021-07-14 14:30:00,0.0,310.0,80.33935831276459
2021-07-14 15:00:00,-300.0,310.0,77.90960106347032
2021-07-14 15:30:00,-300.0,445.0,76.79914941800253
2021-07-14 16:00:00,0.0,580.0,80.48483973879245
2021-07-14 16:30:00,0.0,580.0,89.85232698549542
2021-07-14 17:00:00,0.0,580.0,100.456134783096
2021-07-14 17:30:00,260.0,580.0,109.4235237254222
2021-07-14 18:00:00,300.0,450.0,120.1987722569728
2021-07-14 18:30:00,300.0,300.0,120.446599405772
2021-07-14 19:00:00,300.0,150.0,115.60450864733546
2021-07-14 19:30:00,0.0,0.0,106.90643371020212
2021-07-14 20:00:00,0.0,0.0,99.79264141260634
2021-07-14 20:30:00,0.0,0.0,96.09856230547626
2021-07-14 21:00:00,0.0,0.0,92.37704074863213
2021-07-14 21:30:00,0.0,0.0,84.0353511185311
2021-07-14 22:00:00,0.0,0.0,73.8730144899235
2021-07-14 22:30:00,0.0,0.0,64.08424964165324
2021-07-14 23:00:00,0.0,0.0,62.13449177475324
2021-07-14 23:30:00,0.0,0.0,64.74449924232543
2021-07-15 00:00:00,0.0,0.0,41.954296704340095
2021-07-15 00:30:00,0.0,0.0,42.18778855396316
2021-07-15 01:00:00,0.0,0.0,41.763816157664735
2021-07-15 01:30:00,0.0,0.0,33.74510014073974
2021-07-15 02:00:00,0.0,0.0,34.0678642636518
2021-07-15 02:30:00,0.0,0.0,32.88030859007212
2021-07-15 03:00:00,0.0,0.0,28.492708701281305
2021-07-15 03:30:00,-300.0,0.0,23.837788316183364
2021-07-15 04:00:00,-300.0,135.0,18.28545385130333
2021-07-15 04:30:00,-300.0,270.0,20.49469912275748
2021-07-15 05:00:00,-300.0,405.0,22.70543802588412
2021-07-15 05:30:00,-88.8888888888889,540.0,27.88014678438047
2021-07-15 06:00:00,0.0,580.0,34.26343488436022
2021-07-15 06:30:00,0.0,580.0,48.59182053314652
2021-07-15 07:00:00,0.0,580.0,62.08914765650853
2021-07-15 07:30:00,0.0,580.0,73.40373669213318
2021-07-15 08:00:00,300.0,580.0,85.34880814479146
2021-07-15 08:30:00,300.0,430.0,91.68559074702
2021-07-15 09:00:00,300.0,280.0,88.47503381394691
2021-07-15 09:30:00,260.0,130.0,80.50969426314649
2021-07-15 10:00:00,0.0,0.0,71.56794428930554
2021-07-15 10:30:00,0.0,0.0,54.4137164588675
2021-07-15 11:00:00,0.0,0.0,51.43288549953418
2021-07-15 11:30:00,-300.0,0.0,45.40849496320713
2021-07-15 12:00:00,-300.0,135.0,42.65330301084363
2021-07-15 12:30:00,-300.0,270.0,43.6593516400993
2021-07-15 13:00:00,-300.0,405.0,42.95895582181758
2021-07-15 13:30:00,-88.8888888888889,540.0,46.92555101434989
2021-07-15 14:00:00,0.0,580.0,50.40046014783711
2021-07-15 14:30:00,0.0,580.0,48.65684336140221
2021-07-15 15:00:00,-1.57898385724467e-14,580.0,47.75596940805119
2021-07-15 15:30:00,0.0,580.0,49.80709685706965
2021-07-15 16:00:00,0.0,580.0,58.42761836231894
2021-07-15 16:30:00,0.0,580.0,67.03670903990607
2021-07-15 17:00:00,0.0,580.0,77.93454094176379
2021-07-15 17:30:00,0.0,580.0,93.65316417892558
2021-07-15 18:00:00,300.0,580.0,107.4867742485135
2021-07-15 18:30:00,300.0,430.0,104.93977192315543
2021-07-15 19:00:00,300.0,280.0,105.40477124961292
2021-07-15 19:30:00,260.0,130.0,98.83338924835644
2021-07-15 20:00:00,0.0,0.0,94.47969476315474
2021-07-15 20:30:00,0.0,0.0,90.81273210308272
2021-07-15 21:00:00,0.0,0.0,83.85970224614093
2021-07-15 21:30:00,0.0,0.0,79.67204353078945
2021-07-15 22:00:00,0.0,0.0,71.5583160326394
2021-07-15 22:30:00,0.0,0.0,66.08800543263163
2021-07-15 23:00:00,0.0,0.0,61.051728312539566
2021-07-15 23:30:00,0.0,0.0,54.5839236224828
2021-07-16 00:00:00,0.0,0.0,28.667407057061183
2021-07-16 00:30:00,0.0,0.0,23.27550190095224
2021-07-16 01:00:00,0.0,0.0,16.64042572308658
2021-07-16 01:30:00,0.0,0.0,15.627528824545692
2021-07-16 02:00:00,0.0,0.0,10.822659914283705
2021-07-16 02:30:00,0.0,0.0,7.727713939889966
2021-07-16 03:00:00,-88.8888888888889,0.0,7.589122129402909
2021-07-16 03:30:00,-300.0,40.0,4.971162191567302
2021-07-16 04:00:00,-300.0,175.0,4.104083969149031
2021-07-16 04:30:00,-300.0,310.0,4.228610499705354
2021-07-16 05:00:00,-300.0,445.0,5.62256070321385
2021-07-16 05:30:00,0.0,580.0,11.601512480026813
2021-07-16 06:00:00,0.0,580.0,20.708449058005428
2021-07-16 06:30:00,0.0,580.0,32.72921143345441
2021-07-16 07:00:00,0.0,580.0,42.19334943876109
2021-07-16 07:30:00,0.0,580.0,48.3108252837001
2021-07-16 08:00:00,0.0,580.0,54.05032794379089
2021-07-16 08:30:00,0.0,580.0,63.1815968116623
2021-07-16 09:00:00,300.0,580.0,71.69658739978095
2021-07-16 09:30:00,300.0,430.0,70.83076484397783
2021-07-16 10:00:00,300.0,280.0,66.3292552660008
2021-07-16 10:30:00,180.0,130.0,64.83517163638705
2021-07-16 11:00:00,0.0,40.0,61.371312910114
2021-07-16 11:30:00,0.0,40.0,60.85355240608142
2021-07-16 12:00:00,0.0,40.0,57.0052887616732
2021-07-16 12:30:00,0.0,40.0,55.910358324787325
2021-07-16 13:00:00,0.0,40.0,54.27941324785937
2021-07-16 13:30:00,0.0,40.0,56.504104313858
2021-07-16 14:00:00,0.0,40.0,55.89984042309392
2021-07-16 14:30:00,0.0,40.0,53.31704987479759
2021-07-16 15:00:00,-300.0,40.0,48.46660707502603
2021-07-16 15:30:00,-300.0,175.0,38.68964172438588
2021-07-16 16:00:00,-300.0,310.0,42.17819636759815
2021-07-16 16:30:00,-300.0,445.0,49.523814260165736
2021-07-16 17:00:00,0.0,580.0,58.48121330559303
2021-07-16 17:30:00,0.0,580.0,68.50074671073135
2021-07-16 18:00:00,300.0,580.0,77.9729661731379
2021-07-16 18:30:00,300.0,430.0,80.31606981602654
2021-07-16 19:00:00,300.0,280.0,78.43140506007697
2021-07-16 19:30:00,260.0,130.0,70.12579868624752
2021-07-16 20:00:00,0.0,0.0,63.70722840033994
2021-07-16 20:30:00,0.0,0.0,57.20929298046518
2021-07-16 21:00:00,0.0,0.0,53.37232091210191
2021-07-16 21:30:00,0.0,0.0,49.58629773901836
2021-07-16 22:00:00,0.0,0.0,49.76984955161653
2021-07-16 22:30:00,0.0,0.0,39.6733669823121
2021-07-16 23:00:00,0.0,0.0,35.03566813103518
2021-07-16 23:30:00,0.0,0.0,36.53313798698548
2021-07-17 00:00:00,0.0,0.0,44.62789482988896
2021-07-17 00:30:00,0.0,0.0,37.780442423668816
2021-07-17 01:00:00,0.0,0.0,32.19248835469325
2021-07-17 01:30:00,0.0,0.0,25.814439983965528
2021-07-17 02:00:00,0.0,0.0,19.704218023808732
2021-07-17 02:30:00,0.0,0.0,12.980344948183983
2021-07-17 03:00:00,0.0,0.0,10.947664414396796
2021-07-17 03:30:00,0.0,0.0,6.003840776074554
2021-07-17 04:00:00,-300.0,0.0,2.1238020308949928
2021-07-17 04:30:00,-300.0,135.0,-0.2796884753532396
2021-07-17 05:00:00,-300.0,270.0,-1.6672414430733653
2021-07-17 05:30:00,-300.0,405.0,1.6077476095272232
2021-07-17 06:00:00,-88.8888888888888,540.0,4.936799181070072
2021-07-17 06:30:00,0.0,580.0,12.535178443218882
2021-07-17 07:00:00,0.0,580.0,15.980813300392583
2021-07-17 07:30:00,0.0,580.0,18.08053166803792
2021-07-17 08:00:00,0.0,580.0,26.332225297717315
2021-07-17 08:30:00,0.0,580.0,32.78211238054992
2021-07-17 09:00:00,0.0,580.0,39.37410692728339
2021-07-17 09:30:00,240.0,580.0,47.05975016446423
2021-07-17 10:00:00,300.0,460.0,48.037836055745714
2021-07-17 10:30:00,0.0,310.0,46.44644143698255
2021-07-17 11:00:00,0.0,310.0,42.04903738108767
2021-07-17 11:30:00,0.0,310.0,41.08187127525949
2021-07-17 12:00:00,0.0,310.0,40.995114458787214
2021-07-17 12:30:00,0.0,310.0,40.79259190003526
2021-07-17 13:00:00,0.0,310.0,42.74296978590772
2021-07-17 13:30:00,-300.0,310.0,34.10565128417515
2021-07-17 14:00:00,-300.0,445.0,37.30414872067719
2021-07-17 14:30:00,0.0,580.0,39.16049354331176
2021-07-17 15:00:00,0.0,580.0,39.12272217679573
2021-07-17 15:30:00,0.0,580.0,42.77641740234789
2021-07-17 16:00:00,0.0,580.0,46.01833940266654
2021-07-17 16:30:00,0.0,580.0,48.10503723518215
2021-07-17 17:00:00,0.0,580.0,52.25445424808446
2021-07-17 17:30:00,0.0,580.0,56.773679178847885
2021-07-17 18:00:00,300.0,580.0,65.55459971003167
2021-07-17 18:30:00,300.0,430.0,65.87754164647663
2021-07-17 19:00:00,300.0,280.0,63.25902456724123
2021-07-17 19:30:00,260.0,130.0,58.31200578097368
2021-07-17 20:00:00,0.0,0.0,54.88960293693775
2021-07-17 20:30:00,0.0,0.0,50.47840836079884
2021-07-17 21:00:00,0.0,0.0,45.42327913421444
2021-07-17 21:30:00,0.0,0.0,41.86511590601821
2021-07-17 22:00:00,0.0,0.0,38.77895101450866
2021-07-17 22:30:00,0.0,0.0,33.42690509916025
2021-07-17 23:00:00,0.0,0.0,30.1233140609248
2021-07-17 23:30:00,0.0,0.0,31.974173426485194
2021-07-18 00:00:00,0.0,0.0,39.02815461862039
2021-07-18 00:30:00,0.0,0.0,29.197462222843697
2021-07-18 01:00:00,0.0,0.0,21.09668050869594
2021-07-18 01:30:00,0.0,0.0,16.401034827053138
2021-07-18 02:00:00,0.0,0.0,9.430313367825406
2021-07-18 02:30:00,0.0,0.0,5.800312283086484
2021-07-18 03:00:00,-88.8888888888888,0.0,1.946378022730812
2021-07-18 03:30:00,-300.0,39.9999999999999,1.4985896300428436
2021-07-18 04:00:00,-300.0,175.0,-0.4081424950847605
2021-07-18 04:30:00,-300.0,310.0,-0.2967530767867998
2021-07-18 05:00:00,-300.0,445.0,1.4777152798772022
2021-07-18 05:30:00,0.0,580.0,5.981489694424511
2021-07-18 06:00:00,0.0,580.0,6.678865783468112
2021-07-18 06:30:00,0.0,580.0,10.84900682322585
2021-07-18 07:00:00,0.0,580.0,14.726807985753195
2021-07-18 07:30:00,0.0,580.0,20.576849060511837
2021-07-18 08:00:00,0.0,580.0,28.02269585278418
2021-07-18 08:30:00,0.0,580.0,33.136106822570866
2021-07-18 09:00:00,0.0,580.0,37.857690184124095
2021-07-18 09:30:00,0.0,580.0,36.84673175395244
2021-07-18 10:00:00,0.0,580.0,35.103048314864026
2021-07-18 10:30:00,0.0,580.0,35.25332669409718
2021-07-18 11:00:00,0.0,580.0,34.49469656454602
2021-07-18 11:30:00,0.0,580.0,34.097787770862055
2021-07-18 12:00:00,0.0,580.0,35.16786771746635
2021-07-18 12:30:00,0.0,580.0,32.41851643999033
2021-07-18 13:00:00,0.0,580.0,30.637688745841288
2021-07-18 13:30:00,0.0,580.0,33.241059667120965
2021-07-18 14:00:00,0.0,580.0,37.29306388091668
2021-07-18 14:30:00,0.0,580.0,39.063111629368805
2021-07-18 15:00:00,0.0,580.0,43.29326745506695
2021-07-18 15:30:00,0.0,580.0,47.55619564313507
2021-07-18 16:00:00,0.0,580.0,54.10929969417057
2021-07-18 16:30:00,0.0,580.0,63.18537014675504
2021-07-18 17:00:00,0.0,580.0,71.91856372965435
2021-07-18 17:30:00,-9.09494701772928e-14,580.0,80.79475689243411
2021-07-18 18:00:00,300.0,580.0,91.16074778619183
2021-07-18 18:30:00,300.0,430.0,94.00589621082042
2021-07-18 19:00:00,300.0,280.0,91.16650674399422
2021-07-18 19:30:00,260.0,130.0,85.57539717621108
2021-07-18 20:00:00,0.0,0.0,79.18524133765688
2021-07-18 20:30:00,0.0,0.0,70.49280837615277
2021-07-18 21:00:00,0.0,0.0,66.94340274488655
2021-07-18 21:30:00,0.0,0.0,63.41059197693086
2021-07-18 22:00:00,0.0,0.0,58.38482961395715
2021-07-18 22:30:00,0.0,0.0,49.87398398880684
2021-07-18 23:00:00,0.0,0.0,45.44897845323349
2021-07-18 23:30:00,0.0,0.0,47.956973776279696
2021-07-19 00:00:00,0.0,0.0,95.71780375637412
2021-07-19 00:30:00,0.0,0.0,85.42218059666286
2021-07-19 01:00:00,0.0,0.0,78.09932717271877
2021-07-19 01:30:00,0.0,0.0,71.13864917823211
2021-07-19 02:00:00,0.0,0.0,65.49605530645908
2021-07-19 02:30:00,0.0,0.0,59.97261908662419
2021-07-19 03:00:00,-88.8888888888888,0.0,56.70663376679643
2021-07-19 03:30:00,-300.0,39.9999999999999,55.58682938103451
2021-07-19 04:00:00,-300.0,175.0,54.78554984949772
2021-07-19 04:30:00,-300.0,310.0,54.50510765449635
2021-07-19 05:00:00,-300.0,445.0,54.327254900343405
2021-07-19 05:30:00,-1.26318708579573e-13,580.0,58.48563789767764
2021-07-19 06:00:00,0.0,580.0,65.64493972937052
2021-07-19 06:30:00,0.0,580.0,75.0830335348989
2021-07-19 07:00:00,0.0,580.0,86.06319373528825
2021-07-19 07:30:00,0.0,580.0,92.87602313930104
2021-07-19 08:00:00,0.0,580.0,104.35474735346146
2021-07-19 08:30:00,1.13686837721616e-13,580.0,112.87067933502928
2021-07-19 09:00:00,0.0,580.0,117.8557701251562
2021-07-19 09:30:00,0.0,580.0,118.801144812897
2021-07-19 10:00:00,0.0,580.0,114.6611124128774
2021-07-19 10:30:00,0.0,580.0,109.06206551447023
2021-07-19 11:00:00,0.0,580.0,106.43659106374903
2021-07-19 11:30:00,0.0,580.0,104.8896988687798
2021-07-19 12:00:00,0.0,580.0,102.47769849610836
2021-07-19 12:30:00,0.0,580.0,100.89921042810248
2021-07-19 13:00:00,0.0,580.0,97.42052919262034
2021-07-19 13:30:00,0.0,580.0,95.89344996747305
2021-07-19 14:00:00,0.0,580.0,97.47040285571808
2021-07-19 14:30:00,0.0,580.0,101.07047405932408
2021-07-19 15:00:00,0.0,580.0,102.38850827602931
2021-07-19 15:30:00,0.0,580.0,105.05574215265378
2021-07-19 16:00:00,0.0,580.0,106.90058551881188
2021-07-19 16:30:00,0.0,580.0,108.16807839577154
2021-07-19 17:00:00,0.0,580.0,115.38193955901988
2021-07-19 17:30:00,260.0,580.0,122.73109972369149
2021-07-19 18:00:00,300.0,450.0,131.17719313451795
2021-07-19 18:30:00,300.0,300.0,128.58320004213243
2021-07-19 19:00:00,300.0,150.0,123.83026268337288
2021-07-19 19:30:00,0.0,0.0,118.1368110319093
2021-07-19 20:00:00,0.0,0.0,113.56317807686692
2021-07-19 20:30:00,0.0,0.0,103.86604077412116
2021-07-19 21:00:00,0.0,0.0,97.37358804690167
2021-07-19 21:30:00,0.0,0.0,92.88984102016794
2021-07-19 22:00:00,0.0,0.0,86.26652579728345
2021-07-19 22:30:00,0.0,0.0,75.87387939313928
2021-07-19 23:00:00,0.0,0.0,69.30269883891557
2021-07-19 23:30:00,0.0,0.0,68.64917728304151
2021-07-20 00:00:00,-300.0,0.0,25.653730865473666
2021-07-20 00:30:00,0.0,135.0,33.987903919384394
2021-07-20 01:00:00,0.0,135.0,36.12510730838089
2021-07-20 01:30:00,190.0,135.0,37.111802871946495
2021-07-20 02:00:00,0.0,39.9999999999999,31.21731205856273
2021-07-20 02:30:00,-300.0,39.9999999999999,24.89252085915018
2021-07-20 03:00:00,-300.0,175.0,21.27572908232169
2021-07-20 03:30:00,-300.0,310.0,27.341225044874065
2021-07-20 04:00:00,-300.0,445.0,27.14139495386236
2021-07-20 04:30:00,0.0,580.0,30.29447742171476
2021-07-20 05:00:00,0.0,580.0,35.97910920686135
2021-07-20 05:30:00,0.0,580.0,43.85288628306076
2021-07-20 06:00:00,0.0,580.0,51.15692393160707
2021-07-20 06:30:00,0.0,580.0,64.38910054371689
2021-07-20 07:00:00,0.0,580.0,75.1348019883856
2021-07-20 07:30:00,0.0,580.0,85.4473007211606
2021-07-20 08:00:00,0.0,580.0,93.45182207990958
2021-07-20 08:30:00,0.0,580.0,99.94659818889716
2021-07-20 09:00:00,0.0,580.0,107.90055579352286
2021-07-20 09:30:00,0.0,580.0,112.12872894699836
2021-07-20 10:00:00,0.0,580.0,111.88624373839365
2021-07-20 10:30:00,0.0,580.0,112.22529643185162
2021-07-20 11:00:00,0.0,580.0,109.80726484388433
2021-07-20 11:30:00,0.0,580.0,101.79502841338488
2021-07-20 12:00:00,0.0,580.0,102.49316671193851
2021-07-20 12:30:00,0.0,580.0,102.43731931912396
2021-07-20 13:00:00,0.0,580.0,101.7175987627137
2021-07-20 13:30:00,0.0,580.0,104.88728235716196
2021-07-20 14:00:00,0.0,580.0,107.05931629336892
2021-07-20 14:30:00,0.0,580.0,108.04093829490998
2021-07-20 15:00:00,0.0,580.0,100.93610122428314
2021-07-20 15:30:00,0.0,580.0,99.65577534137662
2021-07-20 16:00:00,0.0,580.0,100.95147496029924
2021-07-20 16:30:00,0.0,580.0,104.19106905565356
2021-07-20 17:00:00,0.0,580.0,106.06721808847963
2021-07-20 17:30:00,260.0,580.0,112.33652022717544
2021-07-20 18:00:00,300.0,450.0,122.921712228416
2021-07-20 18:30:00,300.0,300.0,120.92746963983066
2021-07-20 19:00:00,300.0,150.0,116.3712377877374
2021-07-20 19:30:00,0.0,0.0,111.4306263647914
2021-07-20 20:00:00,0.0,0.0,108.87741675497344
2021-07-20 20:30:00,0.0,0.0,101.27629306642856
2021-07-20 21:00:00,0.0,0.0,95.13523050205376
2021-07-20 21:30:00,0.0,0.0,92.64647916772672
2021-07-20 22:00:00,0.0,0.0,84.16526386025687
2021-07-20 22:30:00,0.0,0.0,74.41236764537733
2021-07-20 23:00:00,0.0,0.0,73.36866169676017
2021-07-20 23:30:00,0.0,0.0,75.7103325420543
2021-07-21 00:00:00,0.0,0.0,59.09602329311981
2021-07-21 00:30:00,0.0,0.0,51.479903948815306
2021-07-21 01:00:00,0.0,0.0,45.010822044445405
2021-07-21 01:30:00,0.0,0.0,42.30453348606406
2021-07-21 02:00:00,0.0,0.0,38.175393517267096
2021-07-21 02:30:00,-88.8888888888888,0.0,34.40077087171093
2021-07-21 03:00:00,-300.0,39.9999999999999,32.406259656915125
2021-07-21 03:30:00,-300.0,175.0,31.49538210335369
2021-07-21 04:00:00,-300.0,310.0,30.867868548589826
2021-07-21 04:30:00,-300.0,445.0,34.19016924797194
2021-07-21 05:00:00,0.0,580.0,39.82855600061917
2021-07-21 05:30:00,0.0,580.0,43.58997743293658
2021-07-21 06:00:00,0.0,580.0,47.93370049183713
2021-07-21 06:30:00,0.0,580.0,61.183357733987165
2021-07-21 07:00:00,0.0,580.0,74.74380563989182
2021-07-21 07:30:00,0.0,580.0,82.19659617377707
2021-07-21 08:00:00,1.13686837721616e-14,580.0,96.2973004754085
2021-07-21 08:30:00,300.0,580.0,106.45498400741552
2021-07-21 09:00:00,300.0,430.0,110.1585112724234
2021-07-21 09:30:00,300.0,280.0,108.99247753425904
2021-07-21 10:00:00,260.0,130.0,104.19980491895932
2021-07-21 10:30:00,0.0,0.0,99.46914690125668
2021-07-21 11:00:00,0.0,0.0,91.80967775333392
2021-07-21 11:30:00,0.0,0.0,85.3998017072466
2021-07-21 12:00:00,0.0,0.0,82.56945311134925
2021-07-21 12:30:00,0.0,0.0,81.57494742029417
2021-07-21 13:00:00,-300.0,0.0,80.27515843328418
2021-07-21 13:30:00,0.0,135.0,83.72848841355591
2021-07-21 14:00:00,-88.8888888888889,135.0,81.26067648370424
2021-07-21 14:30:00,-300.0,175.0,75.58731971401399
2021-07-21 15:00:00,-300.0,310.0,76.12856536156606
2021-07-21 15:30:00,-300.0,445.0,79.11966392752672
2021-07-21 16:00:00,0.0,580.0,86.2601981112306
2021-07-21 16:30:00,0.0,580.0,94.6982843481966
2021-07-21 17:00:00,0.0,580.0,104.23170930890936
2021-07-21 17:30:00,0.0,580.0,115.629777395639
2021-07-21 18:00:00,300.0,580.0,126.08478782276002
2021-07-21 18:30:00,300.0,430.0,128.907179676635
2021-07-21 19:00:00,300.0,280.0,125.47308579925196
2021-07-21 19:30:00,260.0,130.0,121.23435802981167
2021-07-21 20:00:00,0.0,0.0,114.7012298498557
2021-07-21 20:30:00,0.0,0.0,108.04737596705418
2021-07-21 21:00:00,0.0,0.0,102.67912962215458
2021-07-21 21:30:00,0.0,0.0,96.1913333842057
2021-07-21 22:00:00,0.0,0.0,87.99248333776076
2021-07-21 22:30:00,0.0,0.0,78.28662546703517
2021-07-21 23:00:00,0.0,0.0,72.39947986794158
2021-07-21 23:30:00,0.0,0.0,74.61016591007359
2021-07-22 00:00:00,0.0,0.0,155.48276414401485
2021-07-22 00:30:00,0.0,0.0,138.55968941374218
2021-07-22 01:00:00,0.0,0.0,124.87560518945068
2021-07-22 01:30:00,0.0,0.0,115.13491120112762
2021-07-22 02:00:00,0.0,0.0,106.43736600671
2021-07-22 02:30:00,0.0,0.0,100.43891422292744
2021-07-22 03:00:00,0.0,0.0,95.85385258683722
2021-07-22 03:30:00,-88.8888888888889,0.0,94.19644447070334
2021-07-22 04:00:00,-300.0,40.0,90.379364524454
2021-07-22 04:30:00,-300.0,175.0,90.05506541776859
2021-07-22 05:00:00,-300.0,310.0,90.12016413092698
2021-07-22 05:30:00,-300.0,445.0,93.05443589742536
2021-07-22 06:00:00,0.0,580.0,98.03244583571912
2021-07-22 06:30:00,0.0,580.0,108.08726649126793
2021-07-22 07:00:00,0.0,580.0,119.491592838206
2021-07-22 07:30:00,0.0,580.0,128.66188541168742
2021-07-22 08:00:00,0.0,580.0,138.8269820960665
2021-07-22 08:30:00,0.0,580.0,145.91049131443123
2021-07-22 09:00:00,0.0,580.0,145.14543018680442
2021-07-22 09:30:00,0.0,580.0,143.45135608498447
2021-07-22 10:00:00,0.0,580.0,140.14241723247426
2021-07-22 10:30:00,0.0,580.0,137.50590215743202
2021-07-22 11:00:00,0.0,580.0,130.70150987407715
2021-07-22 11:30:00,0.0,580.0,125.18010030453163
2021-07-22 12:00:00,0.0,580.0,123.62230570512573
2021-07-22 12:30:00,0.0,580.0,120.6984431645229
2021-07-22 13:00:00,0.0,580.0,121.50289655052146
2021-07-22 13:30:00,0.0,580.0,122.06646923325
2021-07-22 14:00:00,0.0,580.0,119.83218328864132
2021-07-22 14:30:00,0.0,580.0,120.11753260392273
2021-07-22 15:00:00,0.0,580.0,125.56221971167342
2021-07-22 15:30:00,0.0,580.0,134.81998180800656
2021-07-22 16:00:00,0.0,580.0,137.0707218262945
2021-07-22 16:30:00,0.0,580.0,143.50004153032006
2021-07-22 17:00:00,0.0,580.0,150.05939222380204
2021-07-22 17:30:00,0.0,580.0,154.3725094327279
2021-07-22 18:00:00,300.0,580.0,161.8088183742068
2021-07-22 18:30:00,300.0,430.0,162.20969528823548
2021-07-22 19:00:00,300.0,280.0,160.9359822122891
2021-07-22 19:30:00,260.0,130.0,156.91014352241498
2021-07-22 20:00:00,0.0,0.0,150.87538322625366
2021-07-22 20:30:00,0.0,0.0,143.67723497785153
2021-07-22 21:00:00,0.0,0.0,136.38591519505977
2021-07-22 21:30:00,0.0,0.0,127.51137940652497
2021-07-22 22:00:00,0.0,0.0,116.16081214280638
2021-07-22 22:30:00,0.0,0.0,106.8594999395886
2021-07-22 23:00:00,0.0,0.0,99.14493208340238
2021-07-22 23:30:00,0.0,0.0,97.84952676987908
2021-07-23 00:00:00,0.0,0.0,91.27505471027928
2021-07-23 00:30:00,0.0,0.0,88.099909332382
2021-07-23 01:00:00,0.0,0.0,83.95279418203458
2021-07-23 01:30:00,-88.8888888888888,0.0,79.86254808761294
2021-07-23 02:00:00,-300.0,39.9999999999999,77.43281981989918
2021-07-23 02:30:00,-300.0,175.0,75.23986800513256
2021-07-23 03:00:00,-300.0,310.0,75.04022442163026
2021-07-23 03:30:00,-300.0,445.0,79.05526905896033
2021-07-23 04:00:00,0.0,580.0,81.13421925416517
2021-07-23 04:30:00,0.0,580.0,83.24968595779265
2021-07-23 05:00:00,0.0,580.0,86.48744016763564
2021-07-23 05:30:00,0.0,580.0,91.61980730679116
2021-07-23 06:00:00,0.0,580.0,98.2872220104976
2021-07-23 06:30:00,0.0,580.0,110.92946695183788
2021-07-23 07:00:00,0.0,580.0,121.51373204882474
2021-07-23 07:30:00,0.0,580.0,133.8982326680723
2021-07-23 08:00:00,-9.09494701772928e-14,580.0,144.4807781214571
2021-07-23 08:30:00,0.0,580.0,150.90661931341197
2021-07-23 09:00:00,0.0,580.0,154.37979061538113
2021-07-23 09:30:00,0.0,580.0,151.18395846269104
2021-07-23 10:00:00,0.0,580.0,146.6235035443668
2021-07-23 10:30:00,0.0,580.0,140.35752446619892
2021-07-23 11:00:00,0.0,580.0,136.33190942663026
2021-07-23 11:30:00,0.0,580.0,136.43880390803827
2021-07-23 12:00:00,0.0,580.0,137.4107787544701
2021-07-23 12:30:00,0.0,580.0,139.87031242624548
2021-07-23 13:00:00,0.0,580.0,142.76993027795334
2021-07-23 13:30:00,0.0,580.0,142.30137757865288
2021-07-23 14:00:00,0.0,580.0,141.76764773972008
2021-07-23 14:30:00,0.0,580.0,140.20690819545328
2021-07-23 15:00:00,0.0,580.0,139.58459965051304
2021-07-23 15:30:00,0.0,580.0,140.8174925098615
2021-07-23 16:00:00,0.0,580.0,143.1404436587596
2021-07-23 16:30:00,0.0,580.0,145.610225196631
2021-07-23 17:00:00,0.0,580.0,150.65545360423604
2021-07-23 17:30:00,260.0,580.0,156.47815359945227
2021-07-23 18:00:00,300.0,450.0,161.00504383527337
2021-07-23 18:30:00,300.0,300.0,162.38068623278173
2021-07-23 19:00:00,300.0,150.0,158.51450290226887
2021-07-23 19:30:00,0.0,0.0,152.05031873521563
2021-07-23 20:00:00,0.0,0.0,145.0677766338242
2021-07-23 20:30:00,0.0,0.0,139.24533968841246
2021-07-23 21:00:00,0.0,0.0,132.78319273549698
2021-07-23 21:30:00,0.0,0.0,126.09659101839397
2021-07-23 22:00:00,0.0,0.0,119.10256144781482
2021-07-23 22:30:00,0.0,0.0,109.54231825268128
2021-07-23 23:00:00,0.0,0.0,103.90722563226542
2021-07-23 23:30:00,0.0,0.0,106.43985161354082
2021-07-24 00:00:00,0.0,0.0,112.60895351660024
2021-07-24 00:30:00,0.0,0.0,105.05327733393992
2021-07-24 01:00:00,0.0,0.0,99.5331256849667
2021-07-24 01:30:00,0.0,0.0,93.10601678095368
2021-07-24 02:00:00,0.0,0.0,85.32331832713515
2021-07-24 02:30:00,0.0,0.0,82.34631034880971
2021-07-24 03:00:00,0.0,0.0,75.71285584940138
2021-07-24 03:30:00,0.0,0.0,70.46116370473646
2021-07-24 04:00:00,-88.8888888888889,0.0,67.36980747328292
2021-07-24 04:30:00,-300.0,40.0,65.59681726377482
2021-07-24 05:00:00,-300.0,175.0,61.42375902565063
2021-07-24 05:30:00,-300.0,310.0,61.66042392386953
2021-07-24 06:00:00,-300.0,445.0,63.40492836870957
2021-07-24 06:30:00,0.0,580.0,69.50414778858486
2021-07-24 07:00:00,0.0,580.0,72.8584501373299
2021-07-24 07:30:00,0.0,580.0,76.16340512870299
2021-07-24 08:00:00,0.0,580.0,84.83386165244288
2021-07-24 08:30:00,0.0,580.0,90.6953558458428
2021-07-24 09:00:00,0.0,580.0,94.50731531704028
2021-07-24 09:30:00,0.0,580.0,97.2846348240786
2021-07-24 10:00:00,0.0,580.0,95.33184084298924
2021-07-24 10:30:00,0.0,580.0,94.89461710573076
2021-07-24 11:00:00,0.0,580.0,100.03170665372232
2021-07-24 11:30:00,0.0,580.0,103.28192523220191
2021-07-24 12:00:00,0.0,580.0,100.5052924826249
2021-07-24 12:30:00,0.0,580.0,95.61948181278686
2021-07-24 13:00:00,0.0,580.0,87.8753285429471
2021-07-24 13:30:00,0.0,580.0,87.5407592144456
2021-07-24 14:00:00,0.0,580.0,82.21999972083414
2021-07-24 14:30:00,0.0,580.0,85.85513584592046
2021-07-24 15:00:00,0.0,580.0,84.66039565839436
2021-07-24 15:30:00,0.0,580.0,87.64835538667022
2021-07-24 16:00:00,0.0,580.0,91.60784662122254
2021-07-24 16:30:00,0.0,580.0,96.78345092794764
2021-07-24 17:00:00,0.0,580.0,111.70877899158728
2021-07-24 17:30:00,0.0,580.0,120.78857163546289
2021-07-24 18:00:00,300.0,580.0,128.2369625992552
2021-07-24 18:30:00,300.0,430.0,128.19082851487548
2021-07-24 19:00:00,300.0,280.0,130.22014621439118
2021-07-24 19:30:00,260.0,130.0,127.409976015537
2021-07-24 20:00:00,0.0,0.0,124.3892799416446
2021-07-24 20:30:00,0.0,0.0,117.49664054835804
2021-07-24 21:00:00,0.0,0.0,114.63916714986638
2021-07-24 21:30:00,0.0,0.0,106.04032134885078
2021-07-24 22:00:00,0.0,0.0,102.96812853966324
2021-07-24 22:30:00,0.0,0.0,96.65600512103944
2021-07-24 23:00:00,0.0,0.0,90.5802583024152
2021-07-24 23:30:00,0.0,0.0,92.60715732293193
2021-07-25 00:00:00,0.0,0.0,40.35755229528142
2021-07-25 00:30:00,0.0,0.0,40.04385022419727
2021-07-25 01:00:00,0.0,0.0,38.43576808536554
2021-07-25 01:30:00,0.0,0.0,35.9635859766323
2021-07-25 02:00:00,0.0,0.0,31.67427282488788
2021-07-25 02:30:00,0.0,0.0,28.33074051363154
2021-07-25 03:00:00,-88.8888888888888,0.0,26.076497504029103
2021-07-25 03:30:00,-300.0,39.9999999999999,23.09721260401344
2021-07-25 04:00:00,0.0,175.0,26.88690500118648
2021-07-25 04:30:00,-300.0,175.0,23.769264378293823
2021-07-25 05:00:00,-300.0,310.0,21.587578008687345
2021-07-25 05:30:00,-300.0,445.0,22.409225359735785
2021-07-25 06:00:00,0.0,580.0,27.610198227442154
2021-07-25 06:30:00,0.0,580.0,33.49603606214109
2021-07-25 07:00:00,0.0,580.0,39.05173817747279
2021-07-25 07:30:00,0.0,580.0,40.24640341804361
2021-07-25 08:00:00,0.0,580.0,46.57754009035072
2021-07-25 08:30:00,0.0,580.0,50.88880053106348
2021-07-25 09:00:00,0.0,580.0,52.2075859006101
2021-07-25 09:30:00,0.0,580.0,51.74169740317421
2021-07-25 10:00:00,0.0,580.0,50.44732009522849
2021-07-25 10:30:00,0.0,580.0,54.77351435327685
2021-07-25 11:00:00,0.0,580.0,54.12658098430372
2021-07-25 11:30:00,0.0,580.0,50.29151788948586
2021-07-25 12:00:00,0.0,580.0,48.83456976862638
2021-07-25 12:30:00,0.0,580.0,49.4664954504499
2021-07-25 13:00:00,0.0,580.0,56.66247308538748
2021-07-25 13:30:00,0.0,580.0,65.44253509491196
2021-07-25 14:00:00,0.0,580.0,61.23181128193959
2021-07-25 14:30:00,0.0,580.0,60.54937050645587
2021-07-25 15:00:00,0.0,580.0,58.68131656900283
2021-07-25 15:30:00,0.0,580.0,60.50573639052402
2021-07-25 16:00:00,0.0,580.0,67.74819196273877
2021-07-25 16:30:00,0.0,580.0,70.48043198720427
2021-07-25 17:00:00,0.0,580.0,76.69017021289963
2021-07-25 17:30:00,0.0,580.0,87.20347068795913
2021-07-25 18:00:00,300.0,580.0,97.34009814505828
2021-07-25 18:30:00,300.0,430.0,100.75630034458534
2021-07-25 19:00:00,300.0,280.0,101.0267402409929
2021-07-25 19:30:00,260.0,130.0,95.64352848756876
2021-07-25 20:00:00,0.0,0.0,89.7560781629785
2021-07-25 20:30:00,0.0,0.0,86.45689760231407
2021-07-25 21:00:00,0.0,0.0,82.45724761145672
2021-07-25 21:30:00,0.0,0.0,77.85223791102919
2021-07-25 22:00:00,0.0,0.0,71.00661376113335
2021-07-25 22:30:00,0.0,0.0,62.52440999426908
2021-07-25 23:00:00,0.0,0.0,53.51141507880018
2021-07-25 23:30:00,0.0,0.0,56.14597709650782
2021-07-26 00:00:00,0.0,0.0,29.48737935965065
2021-07-26 00:30:00,0.0,0.0,28.45119686893439
2021-07-26 01:00:00,0.0,0.0,23.1695462541654
2021-07-26 01:30:00,0.0,0.0,19.512395817285796
2021-07-26 02:00:00,0.0,0.0,15.239988616241476
2021-07-26 02:30:00,0.0,0.0,13.411065433535
2021-07-26 03:00:00,-300.0,0.0,8.481578259696462
2021-07-26 03:30:00,0.0,135.0,9.88731064894803
2021-07-26 04:00:00,-300.0,135.0,7.853258221337043
2021-07-26 04:30:00,-300.0,270.0,4.952984338399105
2021-07-26 05:00:00,-300.0,405.0,2.7763301152588724
2021-07-26 05:30:00,-88.8888888888889,540.0,9.014096356774983
2021-07-26 06:00:00,0.0,580.0,16.367280705763875
2021-07-26 06:30:00,0.0,580.0,29.24666709939791
2021-07-26 07:00:00,0.0,580.0,37.73282434671526
2021-07-26 07:30:00,0.0,580.0,49.417325576760135
2021-07-26 08:00:00,0.0,580.0,60.63643141818011
2021-07-26 08:30:00,300.0,580.0,71.35710490695614
2021-07-26 09:00:00,300.0,430.0,73.46812228134449
2021-07-26 09:30:00,300.0,280.0,68.5723748848876
2021-07-26 10:00:00,260.0,130.0,61.67971878183003
2021-07-26 10:30:00,0.0,0.0,53.776361188312265
2021-07-26 11:00:00,0.0,0.0,45.17238384280613
2021-07-26 11:30:00,-88.8888888888889,0.0,37.94568980176429
2021-07-26 12:00:00,0.0,40.0,38.0484695642284
2021-07-26 12:30:00,0.0,40.0,39.636641468743946
2021-07-26 13:00:00,0.0,40.0,38.82517590055818
2021-07-26 13:30:00,-300.0,40.0,37.4856602746469
2021-07-26 14:00:00,-300.0,175.0,36.45736212572871
2021-07-26 14:30:00,-300.0,310.0,36.34638011969629
2021-07-26 15:00:00,-300.0,445.0,35.90513592659508
2021-07-26 15:30:00,0.0,580.0,40.524093039277886
2021-07-26 16:00:00,0.0,580.0,42.757276964640894
2021-07-26 16:30:00,0.0,580.0,44.80163194351904
2021-07-26 17:00:00,0.0,580.0,53.82229787817664
2021-07-26 17:30:00,260.0,580.0,63.47106731408002
2021-07-26 18:00:00,300.0,450.0,73.43088215064718
2021-07-26 18:30:00,300.0,300.0,75.85091145557918
2021-07-26 19:00:00,300.0,150.0,69.62552545485873
2021-07-26 19:30:00,0.0,0.0,63.37631348552381
2021-07-26 20:00:00,0.0,0.0,58.849243385487526
2021-07-26 20:30:00,0.0,0.0,54.32027751019847
2021-07-26 21:00:00,0.0,0.0,52.06018225670111
2021-07-26 21:30:00,0.0,0.0,47.56277272219397
2021-07-26 22:00:00,0.0,0.0,42.18501651588328
2021-07-26 22:30:00,0.0,0.0,37.131646538662366
2021-07-26 23:00:00,0.0,0.0,33.185601069553925
2021-07-26 23:30:00,0.0,0.0,34.754835634252856
2021-07-27 00:00:00,0.0,0.0,22.97470010345052
2021-07-27 00:30:00,0.0,0.0,16.120908951423843
2021-07-27 01:00:00,0.0,0.0,15.49542377834669
2021-07-27 01:30:00,0.0,0.0,13.140974593328451
2021-07-27 02:00:00,0.0,0.0,9.676301118596086
2021-07-27 02:30:00,-300.0,0.0,6.760099575006549
2021-07-27 03:00:00,-300.0,135.0,4.960996970124867
2021-07-27 03:30:00,-300.0,270.0,4.301766296830721
2021-07-27 04:00:00,-300.0,405.0,4.733107154033036
2021-07-27 04:30:00,0.0,540.0,7.548318526461117
2021-07-27 05:00:00,-88.8888888888888,540.0,7.010514481488897
2021-07-27 05:30:00,0.0,580.0,10.420556110802622
2021-07-27 06:00:00,0.0,580.0,16.017001063438087
2021-07-27 06:30:00,0.0,580.0,25.28366000800378
2021-07-27 07:00:00,0.0,580.0,33.45070294535094
2021-07-27 07:30:00,260.0,580.0,41.84590930588443
2021-07-27 08:00:00,300.0,450.0,47.470337310345
2021-07-27 08:30:00,300.0,300.0,51.8011700626417
2021-07-27 09:00:00,300.0,150.0,48.04666638068011
2021-07-27 09:30:00,0.0,0.0,41.19865337763723
2021-07-27 10:00:00,0.0,0.0,31.013188124181653
2021-07-27 10:30:00,0.0,0.0,26.765420141945757
2021-07-27 11:00:00,0.0,0.0,26.604767016793843
2021-07-27 11:30:00,-300.0,0.0,19.65939585924602
2021-07-27 12:00:00,-300.0,135.0,14.644485913569056
2021-07-27 12:30:00,-300.0,270.0,17.005003399944258
2021-07-27 13:00:00,-300.0,405.0,18.90942846257849
2021-07-27 13:30:00,0.0,540.0,21.5370567248264
2021-07-27 14:00:00,0.0,540.0,24.554819402887706
2021-07-27 14:30:00,0.0,540.0,24.57884957863516
2021-07-27 15:00:00,-88.8888888888888,540.0,20.180071619348297
2021-07-27 15:30:00,0.0,580.0,21.20469182897743
2021-07-27 16:00:00,0.0,580.0,25.883805253866484
2021-07-27 16:30:00,0.0,580.0,29.23120206319692
2021-07-27 17:00:00,0.0,580.0,36.28425781936285
2021-07-27 17:30:00,0.0,580.0,46.703892765787785
2021-07-27 18:00:00,300.0,580.0,58.3071475546686
2021-07-27 18:30:00,300.0,430.0,62.90450872822136
2021-07-27 19:00:00,300.0,280.0,58.86064013592549
2021-07-27 19:30:00,260.0,130.0,53.51447042253652
2021-07-27 20:00:00,0.0,0.0,49.0357260982031
2021-07-27 20:30:00,0.0,0.0,45.15402566726351
2021-07-27 21:00:00,0.0,0.0,40.84548364688577
2021-07-27 21:30:00,0.0,0.0,34.292570508991744
2021-07-27 22:00:00,0.0,0.0,24.556935658428856
2021-07-27 22:30:00,0.0,0.0,16.601810019874222
2021-07-27 23:00:00,0.0,0.0,12.386897132246304
2021-07-27 23:30:00,0.0,0.0,11.187161093627168
2021-07-28 00:00:00,0.0,0.0,-16.43096838119874
2021-07-28 00:30:00,0.0,0.0,-14.232930172285378
2021-07-28 01:00:00,0.0,0.0,-14.55057115107212
2021-07-28 01:30:00,0.0,0.0,-16.914151987611262
2021-07-28 02:00:00,0.0,0.0,-19.66576505565955
2021-07-28 02:30:00,-88.8888888888889,0.0,-22.218275519769666
2021-07-28 03:00:00,-300.0,40.0,-24.806170870326483
2021-07-28 03:30:00,-300.0,175.0,-25.42454408282282
2021-07-28 04:00:00,-300.0,310.0,-27.37408946484038
2021-07-28 04:30:00,-300.0,445.0,-25.77243656450375
2021-07-28 05:00:00,0.0,580.0,-8.990930662744603
2021-07-28 05:30:00,0.0,580.0,-2.6868295098601465
2021-07-28 06:00:00,0.0,580.0,3.762251898075221
2021-07-28 06:30:00,0.0,580.0,17.583340029703535
2021-07-28 07:00:00,0.0,580.0,30.667513861568835
2021-07-28 07:30:00,0.0,580.0,31.7899911686652
2021-07-28 08:00:00,0.0,580.0,35.65415540767327
2021-07-28 08:30:00,300.0,580.0,38.33305326413574
2021-07-28 09:00:00,300.0,430.0,37.13113006154573
2021-07-28 09:30:00,300.0,280.0,40.42703628301626
2021-07-28 10:00:00,260.0,130.0,37.01659488968853
2021-07-28 10:30:00,0.0,0.0,33.005854576009526
2021-07-28 11:00:00,-88.8888888888888,0.0,23.89242248729927
2021-07-28 11:30:00,0.0,39.9999999999999,24.766055228859827
2021-07-28 12:00:00,-300.0,39.9999999999999,19.794954816027143
2021-07-28 12:30:00,-300.0,175.0,17.629206723005325
2021-07-28 13:00:00,-300.0,310.0,15.584882226950596
2021-07-28 13:30:00,-300.0,445.0,18.58146140805387
2021-07-28 14:00:00,0.0,580.0,33.446979712222586
2021-07-28 14:30:00,0.0,580.0,28.728492747417903
2021-07-28 15:00:00,0.0,580.0,31.629625860539196
2021-07-28 15:30:00,0.0,580.0,29.684057356001944
2021-07-28 16:00:00,0.0,580.0,30.09130873011192
2021-07-28 16:30:00,0.0,580.0,37.85927307322199
2021-07-28 17:00:00,0.0,580.0,46.64975115589726
2021-07-28 17:30:00,0.0,580.0,56.36425980183982
2021-07-28 18:00:00,260.0,580.0,69.69125760850457
2021-07-28 18:30:00,300.0,450.0,78.03213481756289
2021-07-28 19:00:00,300.0,300.0,76.03241338514657
2021-07-28 19:30:00,300.0,150.0,70.14939468971163
2021-07-28 20:00:00,0.0,0.0,69.04797224285278
2021-07-28 20:30:00,0.0,0.0,62.40505402905205
2021-07-28 21:00:00,0.0,0.0,58.90867234224969
2021-07-28 21:30:00,0.0,0.0,52.57012234505227
2021-07-28 22:00:00,0.0,0.0,44.70041399456896
2021-07-28 22:30:00,0.0,0.0,35.01969456649044
2021-07-28 23:00:00,0.0,0.0,25.4663623452051
2021-07-28 23:30:00,0.0,0.0,23.80308193930929
2021-07-29 00:00:00,0.0,0.0,0.9269023633263628
2021-07-29 00:30:00,0.0,0.0,-0.0084510971780389
2021-07-29 01:00:00,0.0,0.0,-1.0865171273628818
2021-07-29 01:30:00,0.0,0.0,-4.701601266860735
2021-07-29 02:00:00,0.0,0.0,-9.019874917797978
2021-07-29 02:30:00,0.0,0.0,-12.375109443709093
2021-07-29 03:00:00,-300.0,0.0,-14.555813283222022
2021-07-29 03:30:00,-300.0,135.0,-15.121408008168956
2021-07-29 04:00:00,-300.0,270.0,-16.021497431214314
2021-07-29 04:30:00,-300.0,405.0,-14.215014736754028
2021-07-29 05:00:00,-88.8888888888888,540.0,-12.573735975839185
2021-07-29 05:30:00,0.0,580.0,-6.146569748284122
2021-07-29 06:00:00,0.0,580.0,1.5401301395878164
2021-07-29 06:30:00,0.0,580.0,14.527934630911076
2021-07-29 07:00:00,0.0,580.0,29.54642869019527
2021-07-29 07:30:00,0.0,580.0,45.28780448578088
2021-07-29 08:00:00,260.0,580.0,59.33039935149503
2021-07-29 08:30:00,300.0,450.0,65.69660574674957
2021-07-29 09:00:00,300.0,300.0,63.75268897142234
2021-07-29 09:30:00,300.0,150.0,61.322852262593685
2021-07-29 10:00:00,0.0,0.0,52.879541844131055
2021-07-29 10:30:00,0.0,0.0,42.14395040279015
2021-07-29 11:00:00,0.0,0.0,35.158511844184915
2021-07-29 11:30:00,0.0,0.0,29.324838956181974
2021-07-29 12:00:00,0.0,0.0,27.89710543599945
2021-07-29 12:30:00,0.0,0.0,18.43182927001249
2021-07-29 13:00:00,-88.8888888888889,0.0,14.609517390755812
2021-07-29 13:30:00,-300.0,40.0,12.809895500532164
2021-07-29 14:00:00,-300.0,175.0,10.751700186378187
2021-07-29 14:30:00,-300.0,310.0,10.91284095365637
2021-07-29 15:00:00,-300.0,445.0,13.487080022545328
2021-07-29 15:30:00,0.0,580.0,17.33290982179217
2021-07-29 16:00:00,0.0,580.0,29.017319389645152
2021-07-29 16:30:00,0.0,580.0,43.46192362127231
2021-07-29 17:00:00,0.0,580.0,53.73147145419475
2021-07-29 17:30:00,0.0,580.0,61.749527520615885
2021-07-29 18:00:00,300.0,580.0,68.03996015976806
2021-07-29 18:30:00,300.0,430.0,72.35771356858781
2021-07-29 19:00:00,300.0,280.0,71.3801040555507
2021-07-29 19:30:00,260.0,130.0,66.30732857492106
2021-07-29 20:00:00,0.0,0.0,58.38875573199441
2021-07-29 20:30:00,0.0,0.0,51.40027892233256
2021-07-29 21:00:00,0.0,0.0,45.52170222665033
2021-07-29 21:30:00,0.0,0.0,37.4557997179505
2021-07-29 22:00:00,0.0,0.0,27.468369006348382
2021-07-29 22:30:00,0.0,0.0,17.649062639221796
2021-07-29 23:00:00,0.0,0.0,8.944273613507832
2021-07-29 23:30:00,0.0,0.0,9.759883643565304
2021-07-30 00:00:00,0.0,0.0,11.38164449733756
2021-07-30 00:30:00,0.0,0.0,7.913069246587455
2021-07-30 01:00:00,0.0,0.0,5.29499588624428
2021-07-30 01:30:00,0.0,0.0,1.5020821827283726
2021-07-30 02:00:00,0.0,0.0,-5.642368124808641
2021-07-30 02:30:00,-88.8888888888889,0.0,-9.785667652711112
2021-07-30 03:00:00,-300.0,40.0,-13.590725826143682
2021-07-30 03:30:00,-300.0,175.0,-16.065767971279286
2021-07-30 04:00:00,-300.0,310.0,-15.855384294007209
2021-07-30 04:30:00,-300.0,445.0,-16.02423903368799
2021-07-30 05:00:00,0.0,580.0,-7.391814232673227
2021-07-30 05:30:00,0.0,580.0,5.720205442704639
2021-07-30 06:00:00,0.0,580.0,9.815299733655364
2021-07-30 06:30:00,0.0,580.0,11.195492231476734
2021-07-30 07:00:00,0.0,580.0,25.424999591755068
2021-07-30 07:30:00,260.0,580.0,36.899999852205184
2021-07-30 08:00:00,300.0,450.0,46.71845559776951
2021-07-30 08:30:00,300.0,300.0,47.4389912305699
2021-07-30 09:00:00,300.0,150.0,41.65985784460433
2021-07-30 09:30:00,0.0,0.0,35.849697418615534
2021-07-30 10:00:00,0.0,0.0,26.754625932369063
2021-07-30 10:30:00,0.0,0.0,17.088047140712618
2021-07-30 11:00:00,0.0,0.0,8.247458666946713
2021-07-30 11:30:00,-88.8888888888889,0.0,4.125620997620672
2021-07-30 12:00:00,-300.0,40.0,-2.03953959088156
2021-07-30 12:30:00,-300.0,175.0,-4.144963247779685
2021-07-30 13:00:00,-300.0,310.0,-2.1607231292114197
2021-07-30 13:30:00,-300.0,445.0,2.2737605731419706
2021-07-30 14:00:00,0.0,580.0,7.381663875051387
2021-07-30 14:30:00,0.0,580.0,15.098300412452277
2021-07-30 15:00:00,0.0,580.0,19.161328496497816
2021-07-30 15:30:00,0.0,580.0,21.540627681013447
2021-07-30 16:00:00,0.0,580.0,27.524833987713293
2021-07-30 16:30:00,0.0,580.0,33.60294942879929
2021-07-30 17:00:00,0.0,580.0,39.56006038565346
2021-07-30 17:30:00,0.0,580.0,44.76104303507525
2021-07-30 18:00:00,300.0,580.0,50.73536728924627
2021-07-30 18:30:00,300.0,430.0,53.112060059489394
2021-07-30 19:00:00,300.0,280.0,52.263058443809456
2021-07-30 19:30:00,260.0,130.0,47.39417655690541
2021-07-30 20:00:00,0.0,0.0,43.11668163651108
2021-07-30 20:30:00,0.0,0.0,37.8341495833109
2021-07-30 21:00:00,0.0,0.0,33.18237627103646
2021-07-30 21:30:00,0.0,0.0,29.391230199839
2021-07-30 22:00:00,0.0,0.0,26.058049736840687
2021-07-30 22:30:00,0.0,0.0,19.70925197194967
2021-07-30 23:00:00,0.0,0.0,14.150226507296097
2021-07-30 23:30:00,0.0,0.0,14.391948864434552
2021-07-31 00:00:00,0.0,0.0,10.642276106792425
2021-07-31 00:30:00,0.0,0.0,4.592458862136823
2021-07-31 01:00:00,0.0,0.0,-1.8286144743245671
2021-07-31 01:30:00,0.0,0.0,-5.238105600866447
2021-07-31 02:00:00,0.0,0.0,-9.76678553211518
2021-07-31 02:30:00,0.0,0.0,-14.80739027310345
2021-07-31 03:00:00,0.0,0.0,-16.839880292460677
2021-07-31 03:30:00,-300.0,0.0,-20.49529013150709
2021-07-31 04:00:00,-300.0,135.0,-21.7833432692275
2021-07-31 04:30:00,-300.0,270.0,-20.711839142638667
2021-07-31 05:00:00,-300.0,405.0,-19.852418790522307
2021-07-31 05:30:00,-88.8888888888888,540.0,-17.423886313794128
2021-07-31 06:00:00,0.0,580.0,-16.147287293309176
2021-07-31 06:30:00,0.0,580.0,-11.306379509947917
2021-07-31 07:00:00,0.0,580.0,-5.300904272006548
2021-07-31 07:30:00,0.0,580.0,-1.3218251557966028
2021-07-31 08:00:00,300.0,580.0,5.48976283598661
2021-07-31 08:30:00,300.0,430.0,14.136142201994543
2021-07-31 09:00:00,300.0,280.0,10.137009910703966
2021-07-31 09:30:00,260.0,130.0,2.711911541359612
2021-07-31 10:00:00,0.0,0.0,-3.285705083495756
2021-07-31 10:30:00,0.0,0.0,-10.724424677858607
2021-07-31 11:00:00,-300.0,0.0,-16.296163184308625
2021-07-31 11:30:00,-300.0,135.0,-20.488826979098377
2021-07-31 12:00:00,0.0,270.0,-14.326564880769908
2021-07-31 12:30:00,-88.8888888888889,270.0,-15.542009609333064
2021-07-31 13:00:00,-300.0,310.0,-17.58167719089569
2021-07-31 13:30:00,-300.0,445.0,-18.632928272255555
2021-07-31 14:00:00,-1.57898385724467e-14,580.0,-14.979042440869932
2021-07-31 14:30:00,0.0,580.0,-5.576766575335824
2021-07-31 15:00:00,0.0,580.0,-6.136376508319572
2021-07-31 15:30:00,0.0,580.0,-5.876327309304685
2021-07-31 16:00:00,0.0,580.0,8.835854909640261
2021-07-31 16:30:00,0.0,580.0,19.76277468937043
2021-07-31 17:00:00,0.0,580.0,31.65951594626739
2021-07-31 17:30:00,260.0,580.0,46.058254864390136
2021-07-31 18:00:00,300.0,450.0,58.0630598949994
2021-07-31 18:30:00,300.0,300.0,61.16460305569805
2021-07-31 19:00:00,300.0,150.0,57.27190197992458
2021-07-31 19:30:00,0.0,0.0,40.39853886608583
2021-07-31 20:00:00,0.0,0.0,32.94150328222298
2021-07-31 20:30:00,0.0,0.0,32.0259484731024
2021-07-31 21:00:00,0.0,0.0,33.16003230060586
2021-07-31 21:30:00,0.0,0.0,34.630677677302884
2021-07-31 22:00:00,0.0,0.0,38.37327143137796
2021-07-31 22:30:00,0.0,0.0,40.00195514435069
2021-07-31 23:00:00,0.0,0.0,37.163593166840215
2021-07-31 23:30:00,0.0,0.0,37.94418458150021
2021-08-01 00:00:00,0.0,0.0,89.18698520251817
2021-08-01 00:30:00,0.0,0.0,70.67335376515075
2021-08-01 01:00:00,0.0,0.0,57.46793368615299
2021-08-01 01:30:00,0.0,0.0,47.53746447169105
2021-08-01 02:00:00,0.0,0.0,38.29330627696034
2021-08-01 02:30:00,0.0,0.0,27.81948386850944
2021-08-01 03:00:00,0.0,0.0,22.86434801657495
2021-08-01 03:30:00,-300.0,0.0,17.14551076579498
2021-08-01 04:00:00,-300.0,135.0,16.894284249661183
2021-08-01 04:30:00,-300.0,270.0,15.46809143005855
2021-08-01 05:00:00,-300.0,405.0,17.469001326711307
2021-08-01 05:30:00,-88.8888888888888,540.0,18.91439848330592
2021-08-01 06:00:00,0.0,580.0,20.599777794085043
2021-08-01 06:30:00,0.0,580.0,22.661828506994965
2021-08-01 07:00:00,0.0,580.0,26.05318340477895
2021-08-01 07:30:00,0.0,580.0,29.59691811443419
2021-08-01 08:00:00,260.0,580.0,38.274559764710574
2021-08-01 08:30:00,300.0,450.0,42.75827439787983
2021-08-01 09:00:00,300.0,300.0,43.91572413436309
2021-08-01 09:30:00,300.0,150.0,39.649238868374056
2021-08-01 10:00:00,0.0,0.0,34.86944824760813
2021-08-01 10:30:00,0.0,0.0,27.088823672796337
2021-08-01 11:00:00,0.0,0.0,17.298122547983553
2021-08-01 11:30:00,0.0,0.0,10.127425020853607
2021-08-01 12:00:00,-88.8888888888888,0.0,8.072448559085103
2021-08-01 12:30:00,-300.0,39.9999999999999,4.471848349739659
2021-08-01 13:00:00,-300.0,175.0,0.1810641968529296
2021-08-01 13:30:00,-300.0,310.0,1.8507557262158087
2021-08-01 14:00:00,-300.0,445.0,3.747362453412834
2021-08-01 14:30:00,0.0,580.0,9.573807062705184
2021-08-01 15:00:00,0.0,580.0,14.94642739682837
2021-08-01 15:30:00,0.0,580.0,22.802299811734656
2021-08-01 16:00:00,0.0,580.0,32.28175391745174
2021-08-01 16:30:00,0.0,580.0,44.59539085610732
2021-08-01 17:00:00,0.0,580.0,58.49061179222157
2021-08-01 17:30:00,0.0,580.0,74.15428890050902
2021-08-01 18:00:00,1.13686837721616e-13,580.0,88.65265612886562
2021-08-01 18:30:00,300.0,580.0,98.7188760230461
2021-08-01 19:00:00,300.0,430.0,97.42448263758712
2021-08-01 19:30:00,300.0,280.0,94.17350515902922
2021-08-01 20:00:00,260.0,130.0,90.78569369518247
2021-08-01 20:30:00,0.0,0.0,88.08718062461837
2021-08-01 21:00:00,0.0,0.0,82.87977213337793
2021-08-01 21:30:00,0.0,0.0,76.51177445170477
2021-08-01 22:00:00,0.0,0.0,69.90276823008807
2021-08-01 22:30:00,0.0,0.0,63.18861552389227
2021-08-01 23:00:00,0.0,0.0,57.993152571505135
2021-08-01 23:30:00,0.0,0.0,57.63968325891139
2021-08-02 00:00:00,0.0,0.0,87.24879063019583
2021-08-02 00:30:00,0.0,0.0,74.83453922371959
2021-08-02 01:00:00,0.0,0.0,65.3664003142982
2021-08-02 01:30:00,0.0,0.0,58.3449649890904
2021-08-02 02:00:00,0.0,0.0,50.1733014885027
2021-08-02 02:30:00,0.0,0.0,44.30288083065479
2021-08-02 03:00:00,0.0,0.0,40.82949784230576
2021-08-02 03:30:00,-88.8888888888889,0.0,37.18199491835641
2021-08-02 04:00:00,-300.0,40.0,33.62133049938558
2021-08-02 04:30:00,-300.0,175.0,31.841694059367
2021-08-02 05:00:00,-300.0,310.0,21.201254043551856
2021-08-02 05:30:00,-300.0,445.0,28.307203875221035
2021-08-02 06:00:00,0.0,580.0,38.90946078597554
2021-08-02 06:30:00,0.0,580.0,53.7236234543664
2021-08-02 07:00:00,0.0,580.0,70.42144462408486
2021-08-02 07:30:00,1.13686837721616e-13,580.0,85.7705698002494
2021-08-02 08:00:00,300.0,580.0,97.2632588224605
2021-08-02 08:30:00,300.0,430.0,101.44513882669864
2021-08-02 09:00:00,300.0,280.0,95.44468374376892
2021-08-02 09:30:00,260.0,130.0,87.91427220594238
2021-08-02 10:00:00,0.0,0.0,79.19326654918483
2021-08-02 10:30:00,0.0,0.0,67.06792168516586
2021-08-02 11:00:00,0.0,0.0,56.253138678037686
2021-08-02 11:30:00,0.0,0.0,46.69967356699459
2021-08-02 12:00:00,0.0,0.0,37.95407736538319
2021-08-02 12:30:00,0.0,0.0,33.642111369812724
2021-08-02 13:00:00,-300.0,0.0,28.777151856082085
2021-08-02 13:30:00,-300.0,135.0,29.06877105552796
2021-08-02 14:00:00,-88.8888888888889,270.0,29.476572954195703
2021-08-02 14:30:00,-300.0,310.0,29.39778237378896
2021-08-02 15:00:00,-300.0,445.0,28.76023911558211
2021-08-02 15:30:00,0.0,580.0,34.24579946030548
2021-08-02 16:00:00,0.0,580.0,42.4657262211111
2021-08-02 16:30:00,0.0,580.0,55.14971773169387
2021-08-02 17:00:00,0.0,580.0,65.94132937105314
2021-08-02 17:30:00,0.0,580.0,81.84178047752754
2021-08-02 18:00:00,1.13686837721616e-13,580.0,96.003880452053
2021-08-02 18:30:00,300.0,580.0,106.50090033501134
2021-08-02 19:00:00,300.0,430.0,106.3245972667705
2021-08-02 19:30:00,300.0,280.0,99.98663451401886
2021-08-02 20:00:00,260.0,130.0,97.18561262309534
2021-08-02 20:30:00,0.0,0.0,91.18715809289466
2021-08-02 21:00:00,0.0,0.0,88.20201617939162
2021-08-02 21:30:00,0.0,0.0,88.64646052955284
2021-08-02 22:00:00,0.0,0.0,82.04135092341848
2021-08-02 22:30:00,0.0,0.0,66.59271172882748
2021-08-02 23:00:00,0.0,0.0,59.30020528795211
2021-08-02 23:30:00,0.0,0.0,59.29234308171392
2021-08-03 00:00:00,0.0,0.0,51.739690123969055
2021-08-03 00:30:00,0.0,0.0,43.59933922183144
2021-08-03 01:00:00,0.0,0.0,38.7469964851017
2021-08-03 01:30:00,0.0,0.0,33.646160201713315
2021-08-03 02:00:00,0.0,0.0,28.438918711165957
2021-08-03 02:30:00,0.0,0.0,25.429183406626933
2021-08-03 03:00:00,0.0,0.0,22.130107016777743
2021-08-03 03:30:00,-300.0,0.0,18.817802060272044
2021-08-03 04:00:00,-300.0,135.0,17.871165407045325
2021-08-03 04:30:00,-300.0,270.0,15.383443759184104
2021-08-03 05:00:00,-300.0,405.0,18.11528135180231
2021-08-03 05:30:00,-88.8888888888889,540.0,22.01608305618882
2021-08-03 06:00:00,0.0,580.0,30.23907653152311
2021-08-03 06:30:00,0.0,580.0,41.79808975906872
2021-08-03 07:00:00,0.0,580.0,58.32051944057211
2021-08-03 07:30:00,1.13686837721616e-13,580.0,68.52234588786443
2021-08-03 08:00:00,300.0,580.0,78.13025632202952
2021-08-03 08:30:00,300.0,430.0,81.2938190959258
2021-08-03 09:00:00,300.0,280.0,80.25342177021926
2021-08-03 09:30:00,260.0,130.0,73.92735515245316
2021-08-03 10:00:00,0.0,0.0,61.14117709038159
2021-08-03 10:30:00,0.0,0.0,52.02863786464758
2021-08-03 11:00:00,0.0,0.0,41.171936534074064
2021-08-03 11:30:00,0.0,0.0,42.07471043190112
2021-08-03 12:00:00,0.0,0.0,41.67757211032128
2021-08-03 12:30:00,0.0,0.0,37.60600353545574
2021-08-03 13:00:00,0.0,0.0,30.31668793401812
2021-08-03 13:30:00,-88.8888888888889,0.0,27.80792264490208
2021-08-03 14:00:00,-300.0,40.0,23.674342003998703
2021-08-03 14:30:00,-300.0,175.0,18.473091101116808
2021-08-03 15:00:00,-300.0,310.0,19.10877061344601
2021-08-03 15:30:00,-300.0,445.0,24.15292749931578
2021-08-03 16:00:00,0.0,580.0,34.07844859006565
2021-08-03 16:30:00,0.0,580.0,42.40533140946479
2021-08-03 17:00:00,0.0,580.0,53.39824714417318
2021-08-03 17:30:00,0.0,580.0,61.50199506642765
2021-08-03 18:00:00,300.0,580.0,73.92492008266692
2021-08-03 18:30:00,300.0,430.0,83.49598005151276
2021-08-03 19:00:00,300.0,280.0,78.58507681673944
2021-08-03 19:30:00,260.0,130.0,72.9864039425197
2021-08-03 20:00:00,0.0,0.0,68.42913085797855
2021-08-03 20:30:00,0.0,0.0,63.00314586999899
2021-08-03 21:00:00,0.0,0.0,56.57526337437429
2021-08-03 21:30:00,0.0,0.0,51.622723046618006
2021-08-03 22:00:00,0.0,0.0,46.66958642809544
2021-08-03 22:30:00,0.0,0.0,39.76088457453628
2021-08-03 23:00:00,0.0,0.0,33.81975668680202
2021-08-03 23:30:00,0.0,0.0,35.48717083703417
2021-08-04 00:00:00,0.0,0.0,35.12967601830195
2021-08-04 00:30:00,0.0,0.0,27.185198603645706
2021-08-04 01:00:00,0.0,0.0,21.302813339176623
2021-08-04 01:30:00,0.0,0.0,17.5498720910996
2021-08-04 02:00:00,0.0,0.0,10.994445319402471
2021-08-04 02:30:00,0.0,0.0,5.972592625070661
2021-08-04 03:00:00,-88.8888888888889,0.0,-0.0098891111067302
2021-08-04 03:30:00,-300.0,40.0,-2.106815929433253
2021-08-04 04:00:00,-300.0,175.0,-2.7182178001114465
2021-08-04 04:30:00,-300.0,310.0,-2.1697151592982635
2021-08-04 05:00:00,-300.0,445.0,-0.7307890798998926
2021-08-04 05:30:00,0.0,580.0,4.542405877512735
2021-08-04 06:00:00,0.0,580.0,9.731115526018256
2021-08-04 06:30:00,0.0,580.0,20.91707420558032
2021-08-04 07:00:00,0.0,580.0,34.102011891718746
2021-08-04 07:30:00,0.0,580.0,46.85717818430668
2021-08-04 08:00:00,300.0,580.0,58.03608119244585
2021-08-04 08:30:00,300.0,430.0,64.22232534748802
2021-08-04 09:00:00,300.0,280.0,62.46109350755509
2021-08-04 09:30:00,260.0,130.0,57.95693728106032
2021-08-04 10:00:00,0.0,0.0,51.37399345621897
2021-08-04 10:30:00,0.0,0.0,39.86089602721469
2021-08-04 11:00:00,0.0,0.0,31.681010972897766
2021-08-04 11:30:00,0.0,0.0,29.32000888348321
2021-08-04 12:00:00,-88.8888888888888,0.0,23.661319715319905
2021-08-04 12:30:00,-300.0,39.9999999999999,23.539365060642822
2021-08-04 13:00:00,-300.0,175.0,16.808490096060638
2021-08-04 13:30:00,-300.0,310.0,19.156565418133468
2021-08-04 14:00:00,-300.0,445.0,20.808615887616924
2021-08-04 14:30:00,0.0,580.0,24.58345929562553
2021-08-04 15:00:00,0.0,580.0,24.58913390822717
2021-08-04 15:30:00,0.0,580.0,26.483572216525147
2021-08-04 16:00:00,0.0,580.0,33.89409046422554
2021-08-04 16:30:00,0.0,580.0,42.515888640452346
2021-08-04 17:00:00,0.0,580.0,51.49923542532447
2021-08-04 17:30:00,0.0,580.0,56.45059230499341
2021-08-04 18:00:00,300.0,580.0,67.21620064928595
2021-08-04 18:30:00,300.0,430.0,68.96689106901945
2021-08-04 19:00:00,300.0,280.0,68.83414061485365
2021-08-04 19:30:00,260.0,130.0,63.09886653922935
2021-08-04 20:00:00,0.0,0.0,58.44998835536697
2021-08-04 20:30:00,0.0,0.0,51.34885090628636
2021-08-04 21:00:00,0.0,0.0,45.52010965951686
2021-08-04 21:30:00,0.0,0.0,41.19138911864039
2021-08-04 22:00:00,0.0,0.0,33.531329663004826
2021-08-04 22:30:00,0.0,0.0,25.906240726511555
2021-08-04 23:00:00,0.0,0.0,17.89859580146458
2021-08-04 23:30:00,0.0,0.0,19.647212822534986
2021-08-05 00:00:00,0.0,0.0,57.42817995545396
2021-08-05 00:30:00,0.0,0.0,46.868322282864725
2021-08-05 01:00:00,0.0,0.0,39.640942942829454
2021-08-05 01:30:00,0.0,0.0,33.34341117305728
2021-08-05 02:00:00,0.0,0.0,27.051934955518945
2021-08-05 02:30:00,-88.8888888888888,0.0,22.25648930948336
2021-08-05 03:00:00,-300.0,39.9999999999999,21.183711314504265
2021-08-05 03:30:00,-300.0,175.0,18.50606539763514
2021-08-05 04:00:00,-300.0,310.0,19.27596079900087
2021-08-05 04:30:00,-300.0,445.0,21.09267452580896
2021-08-05 05:00:00,0.0,580.0,25.03725574165452
2021-08-05 05:30:00,0.0,580.0,30.031584497052805
2021-08-05 06:00:00,0.0,580.0,35.60649542018956
2021-08-05 06:30:00,0.0,580.0,52.15560490639447
2021-08-05 07:00:00,0.0,580.0,67.88553467051082
2021-08-05 07:30:00,260.0,580.0,79.52689350057034
2021-08-05 08:00:00,300.0,450.0,89.20801164542527
2021-08-05 08:30:00,300.0,300.0,87.63277976635491
2021-08-05 09:00:00,300.0,150.0,83.99415601518672
2021-08-05 09:30:00,0.0,0.0,77.95298798971531
2021-08-05 10:00:00,0.0,0.0,69.67612585786749
2021-08-05 10:30:00,0.0,0.0,64.2970977897421
2021-08-05 11:00:00,0.0,0.0,59.64729633737015
2021-08-05 11:30:00,0.0,0.0,53.43748149968079
2021-08-05 12:00:00,0.0,0.0,54.69462417376791
2021-08-05 12:30:00,0.0,0.0,51.079956593943095
2021-08-05 13:00:00,-300.0,0.0,47.92542977935872
2021-08-05 13:30:00,-88.8888888888889,135.0,50.09117752889135
2021-08-05 14:00:00,-300.0,175.0,48.27513515576943
2021-08-05 14:30:00,-300.0,310.0,45.29827573737872
2021-08-05 15:00:00,-300.0,445.0,47.9141051524866
2021-08-05 15:30:00,0.0,580.0,51.89315604634851
2021-08-05 16:00:00,0.0,580.0,59.231120334067
2021-08-05 16:30:00,0.0,580.0,67.25201922599537
2021-08-05 17:00:00,0.0,580.0,75.99602044569913
2021-08-05 17:30:00,0.0,580.0,79.83408382827882
2021-08-05 18:00:00,300.0,580.0,87.46643011317177
2021-08-05 18:30:00,300.0,430.0,86.56379150671435
2021-08-05 19:00:00,300.0,280.0,84.48299832295426
2021-08-05 19:30:00,260.0,130.0,83.75349541793344
2021-08-05 20:00:00,0.0,0.0,83.25737561339552
2021-08-05 20:30:00,0.0,0.0,80.65045404749814
2021-08-05 21:00:00,0.0,0.0,75.41805648950545
2021-08-05 21:30:00,0.0,0.0,68.19462072143743
2021-08-05 22:00:00,0.0,0.0,59.88673563374287
2021-08-05 22:30:00,0.0,0.0,50.29999901863343
2021-08-05 23:00:00,0.0,0.0,48.0610981368829
2021-08-05 23:30:00,0.0,0.0,51.76911230274273
2021-08-06 00:00:00,0.0,0.0,56.172614018259495
2021-08-06 00:30:00,0.0,0.0,46.41117554412854
2021-08-06 01:00:00,0.0,0.0,37.69274548268187
2021-08-06 01:30:00,0.0,0.0,32.87808969232178
2021-08-06 02:00:00,0.0,0.0,26.008356740903125
2021-08-06 02:30:00,0.0,0.0,18.471256379854708
2021-08-06 03:00:00,0.0,0.0,18.774887612472824
2021-08-06 03:30:00,-88.8888888888889,0.0,16.192795449928553
2021-08-06 04:00:00,-300.0,40.0,13.284567005798891
2021-08-06 04:30:00,-300.0,175.0,7.994899499098423
2021-08-06 05:00:00,-300.0,310.0,5.766162868392726
2021-08-06 05:30:00,-300.0,445.0,14.04294903378134
2021-08-06 06:00:00,0.0,580.0,18.80936454050375
2021-08-06 06:30:00,0.0,580.0,30.647734934301155
2021-08-06 07:00:00,0.0,580.0,47.340238793282296
2021-08-06 07:30:00,0.0,580.0,56.36032282525086
2021-08-06 08:00:00,0.0,580.0,66.23523680869027
2021-08-06 08:30:00,0.0,580.0,72.10426116898915
2021-08-06 09:00:00,0.0,580.0,75.09765101703401
2021-08-06 09:30:00,0.0,580.0,75.06925951875756
2021-08-06 10:00:00,0.0,580.0,71.64928855632556
2021-08-06 10:30:00,0.0,580.0,66.78769200540727
2021-08-06 11:00:00,0.0,580.0,62.82630423258722
2021-08-06 11:30:00,0.0,580.0,65.05921814775385
2021-08-06 12:00:00,0.0,580.0,64.55729480892845
2021-08-06 12:30:00,0.0,580.0,65.3021016706642
2021-08-06 13:00:00,0.0,580.0,67.23291610556406
2021-08-06 13:30:00,0.0,580.0,70.03820286248052
2021-08-06 14:00:00,0.0,580.0,70.44604672591836
2021-08-06 14:30:00,0.0,580.0,71.10119276551293
2021-08-06 15:00:00,0.0,580.0,70.71309493091111
2021-08-06 15:30:00,0.0,580.0,70.9388694346458
2021-08-06 16:00:00,0.0,580.0,73.4114488925333
2021-08-06 16:30:00,0.0,580.0,78.9385428336192
2021-08-06 17:00:00,0.0,580.0,85.53654476460076
2021-08-06 17:30:00,260.0,580.0,91.95643794817654
2021-08-06 18:00:00,300.0,450.0,96.09501267812094
2021-08-06 18:30:00,300.0,300.0,94.98551670986218
2021-08-06 19:00:00,300.0,150.0,94.93442117372932
2021-08-06 19:30:00,0.0,0.0,88.85487276274209
2021-08-06 20:00:00,0.0,0.0,86.61216664385945
2021-08-06 20:30:00,0.0,0.0,82.4343963923706
2021-08-06 21:00:00,0.0,0.0,78.57645248481016
2021-08-06 21:30:00,0.0,0.0,73.15656092072487
2021-08-06 22:00:00,0.0,0.0,67.9110426649195
2021-08-06 22:30:00,0.0,0.0,61.48089811536822
2021-08-06 23:00:00,0.0,0.0,56.40644804213571
2021-08-06 23:30:00,0.0,0.0,58.47564374943529
2021-08-07 00:00:00,0.0,0.0,79.85417803695528
2021-08-07 00:30:00,0.0,0.0,68.56181043127711
2021-08-07 01:00:00,0.0,0.0,57.631799843750215
2021-08-07 01:30:00,0.0,0.0,49.36766736312927
2021-08-07 02:00:00,0.0,0.0,44.30479971660792
2021-08-07 02:30:00,0.0,0.0,39.10232406287476
2021-08-07 03:00:00,0.0,0.0,35.13753332312153
2021-08-07 03:30:00,-300.0,0.0,30.65945658108149
2021-08-07 04:00:00,-300.0,135.0,27.908342482368298
2021-08-07 04:30:00,-300.0,270.0,28.265944236076777
2021-08-07 05:00:00,-300.0,405.0,27.680958646661907
2021-08-07 05:30:00,-88.8888888888888,540.0,31.241836018702784
2021-08-07 06:00:00,0.0,580.0,33.08682420416824
2021-08-07 06:30:00,0.0,580.0,36.52035141911669
2021-08-07 07:00:00,0.0,580.0,42.08923408473227
2021-08-07 07:30:00,0.0,580.0,43.80579957880457
2021-08-07 08:00:00,0.0,580.0,49.299656922912334
2021-08-07 08:30:00,1.13686837721616e-13,580.0,56.672201056277245
2021-08-07 09:00:00,300.0,580.0,60.38683391417885
2021-08-07 09:30:00,300.0,430.0,59.75523686904998
2021-08-07 10:00:00,300.0,280.0,59.547686217850526
2021-08-07 10:30:00,0.0,130.0,54.34291511572586
2021-08-07 11:00:00,0.0,130.0,53.35644168538546
2021-08-07 11:30:00,0.0,130.0,49.95664670229728
2021-08-07 12:00:00,0.0,130.0,47.09708605970509
2021-08-07 12:30:00,0.0,130.0,48.07430479110784
2021-08-07 13:00:00,-100.0,130.0,46.86342175784385
2021-08-07 13:30:00,-300.0,175.0,45.76169353660572
2021-08-07 14:00:00,-300.0,310.0,44.60237457375116
2021-08-07 14:30:00,-300.0,445.0,41.99102877026744
2021-08-07 15:00:00,0.0,580.0,49.70502375291551
2021-08-07 15:30:00,0.0,580.0,50.95801562981698
2021-08-07 16:00:00,0.0,580.0,58.7452414947936
2021-08-07 16:30:00,0.0,580.0,66.72694148913457
2021-08-07 17:00:00,0.0,580.0,76.81867010139241
2021-08-07 17:30:00,0.0,580.0,85.87125294713704
2021-08-07 18:00:00,260.0,580.0,95.98296273236532
2021-08-07 18:30:00,300.0,450.0,103.03842757796323
2021-08-07 19:00:00,300.0,300.0,101.53172068390664
2021-08-07 19:30:00,300.0,150.0,98.24053706393164
2021-08-07 20:00:00,0.0,0.0,95.74501016538262
2021-08-07 20:30:00,0.0,0.0,90.6546406318644
2021-08-07 21:00:00,0.0,0.0,87.8044671502992
2021-08-07 21:30:00,0.0,0.0,85.22343305968728
2021-08-07 22:00:00,0.0,0.0,81.35688052405112
2021-08-07 22:30:00,0.0,0.0,78.33098858589298
2021-08-07 23:00:00,0.0,0.0,76.74128729808847
2021-08-07 23:30:00,0.0,0.0,78.11849849119024
2021-08-08 00:00:00,0.0,0.0,96.22063378865748
2021-08-08 00:30:00,0.0,0.0,87.83326471027387
2021-08-08 01:00:00,0.0,0.0,79.74950499899036
2021-08-08 01:30:00,0.0,0.0,74.09213777580152
2021-08-08 02:00:00,0.0,0.0,68.189618052546
2021-08-08 02:30:00,0.0,0.0,63.38605684204565
2021-08-08 03:00:00,0.0,0.0,59.48428881441336
2021-08-08 03:30:00,0.0,0.0,57.14174828812863
2021-08-08 04:00:00,0.0,0.0,55.0567619470656
2021-08-08 04:30:00,0.0,0.0,54.285856062629904
2021-08-08 05:00:00,-300.0,0.0,53.25159112969871
2021-08-08 05:30:00,-300.0,135.0,53.18651481096305
2021-08-08 06:00:00,0.0,270.0,55.14312438694891
2021-08-08 06:30:00,0.0,270.0,59.20445294242636
2021-08-08 07:00:00,0.0,270.0,62.45879432249512
2021-08-08 07:30:00,0.0,270.0,64.23695302431646
2021-08-08 08:00:00,240.0,270.0,68.23421557589126
2021-08-08 08:30:00,300.0,150.0,69.44638387947734
2021-08-08 09:00:00,0.0,0.0,66.81186201477315
2021-08-08 09:30:00,0.0,0.0,63.33633749968037
2021-08-08 10:00:00,0.0,0.0,60.10904626828858
2021-08-08 10:30:00,0.0,0.0,53.75711286468342
2021-08-08 11:00:00,-300.0,0.0,48.647566553380784
2021-08-08 11:30:00,-300.0,135.0,45.30355462518136
2021-08-08 12:00:00,-300.0,270.0,42.81850125472347
2021-08-08 12:30:00,-300.0,405.0,46.82270942308699
2021-08-08 13:00:00,-88.8888888888888,540.0,50.35524039327463
2021-08-08 13:30:00,0.0,580.0,51.956100533358565
2021-08-08 14:00:00,0.0,580.0,55.94552456142661
2021-08-08 14:30:00,0.0,580.0,57.68810442036256
2021-08-08 15:00:00,0.0,580.0,59.91367891289545
2021-08-08 15:30:00,0.0,580.0,64.37868238663341
2021-08-08 16:00:00,0.0,580.0,68.51904907522392
2021-08-08 16:30:00,0.0,580.0,76.89638751804398
2021-08-08 17:00:00,0.0,580.0,88.19369022931708
2021-08-08 17:30:00,0.0,580.0,100.05136199579172
2021-08-08 18:00:00,260.0,580.0,111.35814615894697
2021-08-08 18:30:00,300.0,450.0,118.740045488307
2021-08-08 19:00:00,300.0,300.0,116.88573017224736
2021-08-08 19:30:00,300.0,150.0,112.82530059964256
2021-08-08 20:00:00,0.0,0.0,107.97312958935828
2021-08-08 20:30:00,0.0,0.0,103.26444569717376
2021-08-08 21:00:00,0.0,0.0,99.35339650003306
2021-08-08 21:30:00,0.0,0.0,93.11298749486396
2021-08-08 22:00:00,0.0,0.0,87.10830735443878
2021-08-08 22:30:00,0.0,0.0,80.00928178235618
2021-08-08 23:00:00,0.0,0.0,74.19702805836755
2021-08-08 23:30:00,0.0,0.0,75.56553626025487
2021-08-09 00:00:00,0.0,0.0,75.81418858476911
2021-08-09 00:30:00,0.0,0.0,70.40863206158649
2021-08-09 01:00:00,0.0,0.0,65.24233346503206
2021-08-09 01:30:00,0.0,0.0,60.957582427341976
2021-08-09 02:00:00,0.0,0.0,56.31800144535518
2021-08-09 02:30:00,0.0,0.0,52.16950334895356
2021-08-09 03:00:00,-300.0,0.0,49.54276443300687
2021-08-09 03:30:00,-300.0,135.0,48.963269463316735
2021-08-09 04:00:00,-300.0,270.0,48.54395552073317
2021-08-09 04:30:00,-300.0,405.0,49.65246275816514
2021-08-09 05:00:00,-88.8888888888888,540.0,51.65508719026883
2021-08-09 05:30:00,0.0,580.0,56.44908465239583
2021-08-09 06:00:00,0.0,580.0,62.2915800031528
2021-08-09 06:30:00,0.0,580.0,73.28606293288411
2021-08-09 07:00:00,0.0,580.0,85.90560416204507
2021-08-09 07:30:00,0.0,580.0,95.99774071213776
2021-08-09 08:00:00,1.13686837721616e-13,580.0,106.73658805394372
2021-08-09 08:30:00,260.0,580.0,111.83751798708964
2021-08-09 09:00:00,300.0,450.0,117.7817990937934
2021-08-09 09:30:00,300.0,300.0,117.11493067019428
2021-08-09 10:00:00,300.0,150.0,113.32433088362444
2021-08-09 10:30:00,0.0,0.0,109.55214998060718
2021-08-09 11:00:00,0.0,0.0,105.67195559497026
2021-08-09 11:30:00,0.0,0.0,100.92193878799968
2021-08-09 12:00:00,0.0,0.0,95.42734310093944
2021-08-09 12:30:00,0.0,0.0,93.23605434359436
2021-08-09 13:00:00,0.0,0.0,84.41468627934663
2021-08-09 13:30:00,-88.8888888888889,0.0,77.53209449866063
2021-08-09 14:00:00,-300.0,40.0,67.27656892827812
2021-08-09 14:30:00,-300.0,175.0,62.174738733063634
2021-08-09 15:00:00,-300.0,310.0,68.00387929987002
2021-08-09 15:30:00,-300.0,445.0,73.83561504562383
2021-08-09 16:00:00,0.0,580.0,80.2612578097156
2021-08-09 16:30:00,0.0,580.0,86.63390516251728
2021-08-09 17:00:00,0.0,580.0,97.12393883358216
2021-08-09 17:30:00,1.13686837721616e-13,580.0,107.2064881107222
2021-08-09 18:00:00,300.0,580.0,117.10381242274538
2021-08-09 18:30:00,300.0,430.0,119.52246506844372
2021-08-09 19:00:00,300.0,280.0,117.58981081850818
2021-08-09 19:30:00,260.0,130.0,110.5802852379158
2021-08-09 20:00:00,0.0,0.0,103.85980563548712
2021-08-09 20:30:00,0.0,0.0,96.46554634451552
2021-08-09 21:00:00,0.0,0.0,89.39374672905068
2021-08-09 21:30:00,0.0,0.0,84.91147477138695
2021-08-09 22:00:00,0.0,0.0,76.8042981147377
2021-08-09 22:30:00,0.0,0.0,69.77653502172605
2021-08-09 23:00:00,0.0,0.0,62.01382279956127
2021-08-09 23:30:00,0.0,0.0,61.51529685923165
2021-08-10 00:00:00,0.0,0.0,62.68604116699062
2021-08-10 00:30:00,0.0,0.0,55.58868392350658
2021-08-10 01:00:00,0.0,0.0,49.75357675386246
2021-08-10 01:30:00,0.0,0.0,45.61628697813104
2021-08-10 02:00:00,0.0,0.0,41.25030003433038
2021-08-10 02:30:00,0.0,0.0,35.840182102737856
2021-08-10 03:00:00,0.0,0.0,28.94864267922036
2021-08-10 03:30:00,-300.0,0.0,22.707954748027102
2021-08-10 04:00:00,-300.0,135.0,20.09594138717836
2021-08-10 04:30:00,-300.0,270.0,22.512673435635904
2021-08-10 05:00:00,-300.0,405.0,22.46360860627523
2021-08-10 05:30:00,-88.8888888888889,540.0,28.219297956973463
2021-08-10 06:00:00,0.0,580.0,35.997372148389914
2021-08-10 06:30:00,0.0,580.0,47.69081242598806
2021-08-10 07:00:00,0.0,580.0,60.24641048182959
2021-08-10 07:30:00,260.0,580.0,70.43265122074787
2021-08-10 08:00:00,300.0,450.0,77.94543770768558
2021-08-10 08:30:00,300.0,300.0,77.66753820942691
2021-08-10 09:00:00,300.0,150.0,71.26366895781706
2021-08-10 09:30:00,0.0,0.0,62.39735051798039
2021-08-10 10:00:00,0.0,0.0,53.163642531545634
2021-08-10 10:30:00,0.0,0.0,41.81914283771599
2021-08-10 11:00:00,0.0,0.0,33.202545097253406
2021-08-10 11:30:00,0.0,0.0,31.726869279187422
2021-08-10 12:00:00,-300.0,0.0,28.274196625155582
2021-08-10 12:30:00,-88.8888888888889,135.0,29.23877907943985
2021-08-10 13:00:00,-300.0,175.0,20.627311600684905
2021-08-10 13:30:00,0.0,310.0,33.84172753630351
2021-08-10 14:00:00,0.0,310.0,34.518382795438995
2021-08-10 14:30:00,0.0,310.0,31.229688822404825
2021-08-10 15:00:00,-300.0,310.0,23.000681001013348
2021-08-10 15:30:00,-300.0,445.0,29.14247560411341
2021-08-10 16:00:00,0.0,580.0,37.09458841733699
2021-08-10 16:30:00,0.0,580.0,44.02612478919031
2021-08-10 17:00:00,0.0,580.0,53.60090528586424
2021-08-10 17:30:00,0.0,580.0,61.98898801366441
2021-08-10 18:00:00,300.0,580.0,72.6916388282838
2021-08-10 18:30:00,300.0,430.0,77.53534043399837
2021-08-10 19:00:00,300.0,280.0,75.81308602805179
2021-08-10 19:30:00,260.0,130.0,69.95662187803846
2021-08-10 20:00:00,0.0,0.0,66.28749873569816
2021-08-10 20:30:00,0.0,0.0,62.29915428782877
2021-08-10 21:00:00,0.0,0.0,56.62248225760656
2021-08-10 21:30:00,0.0,0.0,52.67042852692484
2021-08-10 22:00:00,0.0,0.0,46.50374900604983
2021-08-10 22:30:00,0.0,0.0,39.48800109419129
2021-08-10 23:00:00,0.0,0.0,33.51251296863914
2021-08-10 23:30:00,0.0,0.0,34.68731428794884
2021-08-11 00:00:00,-300.0,0.0,-0.9060701776769235
2021-08-11 00:30:00,-122.222222222222,135.0,0.192345509838546
2021-08-11 01:00:00,-300.0,190.0,-1.84664106365571
2021-08-11 01:30:00,-300.0,325.0,-1.324827307426261
2021-08-11 02:00:00,300.0,460.0,0.9921378279273654
2021-08-11 02:30:00,-300.0,310.0,-0.8424952134215431
2021-08-11 03:00:00,-300.0,445.0,-0.7865745537923203
2021-08-11 03:30:00,270.0,580.0,0.3874437521124889
2021-08-11 04:00:00,-300.0,445.0,0.1270866024605936
2021-08-11 04:30:00,0.0,580.0,2.2207583225198846
2021-08-11 05:00:00,0.0,580.0,6.935803149234459
2021-08-11 05:30:00,0.0,580.0,13.007964931072593
2021-08-11 06:00:00,0.0,580.0,20.13582544475412
2021-08-11 06:30:00,0.0,580.0,30.201468341439053
2021-08-11 07:00:00,0.0,580.0,36.88393871132296
2021-08-11 07:30:00,260.0,580.0,43.59454964345474
2021-08-11 08:00:00,300.0,450.0,47.54144314939708
2021-08-11 08:30:00,300.0,300.0,48.70849934873638
2021-08-11 09:00:00,300.0,150.0,44.942004509752806
2021-08-11 09:30:00,0.0,0.0,37.72869613155643
2021-08-11 10:00:00,0.0,0.0,28.385910197398005
2021-08-11 10:30:00,-300.0,0.0,26.070429973835445
2021-08-11 11:00:00,-300.0,135.0,24.48859806575682
2021-08-11 11:30:00,0.0,270.0,27.87505670361932
2021-08-11 12:00:00,-88.8888888888889,270.0,26.107405682308
2021-08-11 12:30:00,0.0,310.0,29.616535995921552
2021-08-11 13:00:00,-300.0,310.0,24.743162797422883
2021-08-11 13:30:00,-300.0,445.0,25.829369164712546
2021-08-11 14:00:00,0.0,580.0,29.28996850116286
2021-08-11 14:30:00,0.0,580.0,36.36659431034094
2021-08-11 15:00:00,0.0,580.0,44.624490320866784
2021-08-11 15:30:00,0.0,580.0,51.46553143390743
2021-08-11 16:00:00,0.0,580.0,53.59932327196516
2021-08-11 16:30:00,0.0,580.0,56.54328266865217
2021-08-11 17:00:00,0.0,580.0,62.68551972171747
2021-08-11 17:30:00,0.0,580.0,68.62225537420127
2021-08-11 18:00:00,300.0,580.0,79.99620635296016
2021-08-11 18:30:00,300.0,430.0,84.19881458755025
2021-08-11 19:00:00,300.0,280.0,79.18866774094556
2021-08-11 19:30:00,260.0,130.0,77.20522496118413
2021-08-11 20:00:00,0.0,0.0,74.30531452809767
2021-08-11 20:30:00,0.0,0.0,64.59149617863645
2021-08-11 21:00:00,0.0,0.0,60.41561335170944
2021-08-11 21:30:00,0.0,0.0,49.60343165784323
2021-08-11 22:00:00,0.0,0.0,41.59129842103755
2021-08-11 22:30:00,0.0,0.0,33.569542225399005
2021-08-11 23:00:00,0.0,0.0,29.333591940575857
2021-08-11 23:30:00,0.0,0.0,33.669969995231696
